Source,Lat-Long-Sender,Target,Lat-Long-Receiver,Type,Label,Weight
"Wien","48,2066 16,37341","Wien","48,2066 16,37341","Directed","Wien–Wien","1337"
"Rodaun","48,132793312328 16,256152195922","Wien","48,2066 16,37341","Directed","Rodaun–Wien","88"
"Berlin","52,52437 13,41053","Wien","48,2066 16,37341","Directed","Berlin–Wien","239"
"Salzburg","47,80067 13,04532","Wien","48,2066 16,37341","Directed","Salzburg–Wien","28"
"Paris","48,85341 2,3488","Wien","48,2066 16,37341","Directed","Paris–Wien","152"
"Venedig","45,43713 12,33265","Venedig","45,43713 12,33265","Directed","Venedig–Venedig","1"
"Unbekannt","","Wien","48,2066 16,37341","Directed","Unbekannt–Wien","91"
"Isola Bella","45,89556 8,52676","Wien","48,2066 16,37341","Directed","Isola Bella–Wien","1"
"München","48,13743 11,57549","Wien","48,2066 16,37341","Directed","München–Wien","51"
"Venedig","45,43713 12,33265","Wien","48,2066 16,37341","Directed","Venedig–Wien","20"
"Wien","48,2066 16,37341","Unbekannt","","Directed","Wien–Unbekannt","114"
"Berlin","52,52437 13,41053","Bad Ischl","47,71109 13,61893","Directed","Berlin–Bad Ischl","2"
"Bologna","44,49381 11,33875","Lugano","46,01008 8,96004","Directed","Bologna–Lugano","1"
"Kairo","30,06263 31,24967","Wien","48,2066 16,37341","Directed","Kairo–Wien","1"
"Wien","48,2066 16,37341","Berlin","52,52437 13,41053","Directed","Wien–Berlin","57"
"Dießen am Ammersee","47,950839 11,103059","Unbekannt","","Directed","Dießen am Ammersee–Unbekannt","1"
"Bad Tölz","47,76111 11,5589","Wien","48,2066 16,37341","Directed","Bad Tölz–Wien","5"
"Bad Ischl","47,71109 13,61893","Wien","48,2066 16,37341","Directed","Bad Ischl–Wien","41"
"Seis am Schlern","46,54133 11,55868","Unbekannt","","Directed","Seis am Schlern–Unbekannt","1"
"Bern","46,9489 7,4638","Wien","48,2066 16,37341","Directed","Bern–Wien","5"
"Wien","48,2066 16,37341","Bad Aussee","47,60998 13,78243","Directed","Wien–Bad Aussee","13"
"Seis am Schlern","46,54133 11,55868","Sils im Engadin","46,41603 9,77504","Directed","Seis am Schlern–Sils im Engadin","1"
"Wien","48,2066 16,37341","Neubeuern","47,77368 12,14002","Directed","Wien–Neubeuern","1"
"Wien","48,2066 16,37341","St. Gilgen","47,76667 13,36667","Directed","Wien–St. Gilgen","2"
"Wien","48,2066 16,37341","Bad Ischl","47,71109 13,61893","Directed","Wien–Bad Ischl","50"
"Föderlach","46,59139 13,98139","Vahrn","46,73901 11,63749","Directed","Föderlach–Vahrn","1"
"Strobl","47,71667 13,48333","Wien","48,2066 16,37341","Directed","Strobl–Wien","5"
"Skodsborg","55,8225 12,57324","Rodaun","48,132793312328 16,256152195922","Directed","Skodsborg–Rodaun","1"
"Zürich","47,37174 8,54226","Wien","48,2066 16,37341","Directed","Zürich–Wien","10"
"Kopenhagen","55,67594 12,56553","Wien","48,2066 16,37341","Directed","Kopenhagen–Wien","27"
"Blankenese","53,5652 9,7972","Wien","48,2066 16,37341","Directed","Blankenese–Wien","2"
"Pörtschach","47,02251 14,47783","Wien","48,2066 16,37341","Directed","Pörtschach–Wien","3"
"Le Mont-Saint-Michel","48,635833 -1,510556","Bad Ischl","47,71109 13,61893","Directed","Le Mont-Saint-Michel–Bad Ischl","1"
"Berlin","52,52437 13,41053","Berlin","52,52437 13,41053","Directed","Berlin–Berlin","17"
"Neubeuern","47,77368 12,14002","Wien","48,2066 16,37341","Directed","Neubeuern–Wien","2"
"Bad Ischl","47,71109 13,61893","Kopenhagen","55,67594 12,56553","Directed","Bad Ischl–Kopenhagen","3"
"Frankfurt am Main","50,11552 8,68417","Wien","48,2066 16,37341","Directed","Frankfurt am Main–Wien","51"
"Bad Fusch","47,2003 12,85589","Wien","48,2066 16,37341","Directed","Bad Fusch–Wien","12"
"Semmering","47,64224 15,8241","Wien","48,2066 16,37341","Directed","Semmering–Wien","26"
"Mürren","46,5588 7,8929","Wien","48,2066 16,37341","Directed","Mürren–Wien","4"
"Shanghai","31,22222 121,45806","Salzburg","47,80067 13,04532","Directed","Shanghai–Salzburg","1"
"Genua","44,40478 8,94439","Wien","48,2066 16,37341","Directed","Genua–Wien","5"
"Marienbad","49,96115 12,72872","Wien","48,2066 16,37341","Directed","Marienbad–Wien","4"
"Chemnitz","50,8357 12,92922","Wien","48,2066 16,37341","Directed","Chemnitz–Wien","1"
"Indischer Ozean","-22,0 76,0","Wien","48,2066 16,37341","Directed","Indischer Ozean–Wien","1"
"Wien","48,2066 16,37341","Seeboden","46,83649 13,52346","Directed","Wien–Seeboden","7"
"Assuan","24,09082 32,89942","Wien","48,2066 16,37341","Directed","Assuan–Wien","1"
"Hong Kong","22,27832 114,17469","Wien","48,2066 16,37341","Directed","Hong Kong–Wien","2"
"Wien","48,2066 16,37341","Radolfzell am Bodensee","47,74194 8,97098","Directed","Wien–Radolfzell am Bodensee","2"
"Bad Ischl","47,71109 13,61893","Bad Ischl","47,71109 13,61893","Directed","Bad Ischl–Bad Ischl","13"
"München","48,13743 11,57549","Berlin","52,52437 13,41053","Directed","München–Berlin","1"
"Rennes","48,11198 -1,67429","Bad Ischl","47,71109 13,61893","Directed","Rennes–Bad Ischl","2"
"Bad Aussee","47,60998 13,78243","Wien","48,2066 16,37341","Directed","Bad Aussee–Wien","32"
"Unterach am Attersee","47,80494 13,48728","Wien","48,2066 16,37341","Directed","Unterach am Attersee–Wien","14"
"Wien","48,2066 16,37341","I., Innere Stadt","48,20769 16,37049","Directed","Wien–I., Innere Stadt","3"
"Pörtschach","47,02251 14,47783","Znaim","48,8555 16,0488","Directed","Pörtschach–Znaim","1"
"Salzburg","47,80067 13,04532","Helsingør","56,03606 12,6136","Directed","Salzburg–Helsingør","1"
"Vahrn","46,73901 11,63749","Pörtschach","47,02251 14,47783","Directed","Vahrn–Pörtschach","5"
"St. Anton am Arlberg","47,1275 10,26372","Wien","48,2066 16,37341","Directed","St. Anton am Arlberg–Wien","3"
"St. Gilgen","47,76667 13,36667","Wien","48,2066 16,37341","Directed","St. Gilgen–Wien","15"
"Wien","48,2066 16,37341","London","51,50853 -0,12574","Directed","Wien–London","4"
"Seis am Schlern","46,54133 11,55868","Wien","48,2066 16,37341","Directed","Seis am Schlern–Wien","4"
"Breitenstein am Semmering","47,65949 15,82151","Wien","48,2066 16,37341","Directed","Breitenstein am Semmering–Wien","1"
"Brügge","51,20892 3,22424","Wien","48,2066 16,37341","Directed","Brügge–Wien","1"
"Rovereto","45,886444 11,045222","Wien","48,2066 16,37341","Directed","Rovereto–Wien","1"
"Wien","48,2066 16,37341","Zistersdorf","48,53585 16,75613","Directed","Wien–Zistersdorf","8"
"Biarritz","43,48055 -1,55684","Wien","48,2066 16,37341","Directed","Biarritz–Wien","1"
"Wien","48,2066 16,37341","Venedig","45,43713 12,33265","Directed","Wien–Venedig","3"
"Wien","48,2066 16,37341","Kopenhagen","55,67594 12,56553","Directed","Wien–Kopenhagen","27"
"Rodaun","48,132793312328 16,256152195922","Hinterbrühl","48,08611 16,24809","Directed","Rodaun–Hinterbrühl","1"
"Wartburg","50,96605 10,30646","Wien","48,2066 16,37341","Directed","Wartburg–Wien","1"
"Lugano","46,01008 8,96004","Bologna","44,49381 11,33875","Directed","Lugano–Bologna","1"
"Berlin","52,52437 13,41053","Reichenau an der Rax","47,7 15,83333","Directed","Berlin–Reichenau an der Rax","2"
"Riva del Garda","45,88576 10,84118","Riva del Garda","45,88576 10,84118","Directed","Riva del Garda–Riva del Garda","1"
"Heidelberg","49,40768 8,69079","Wien","48,2066 16,37341","Directed","Heidelberg–Wien","1"
"Bad Ischl","47,71109 13,61893","Garmisch-Partenkirchen","47,49209 11,09576","Directed","Bad Ischl–Garmisch-Partenkirchen","2"
"Hodonín","48,84893 17,13244","Bad Ischl","47,71109 13,61893","Directed","Hodonín–Bad Ischl","1"
"Bad Fusch","47,2003 12,85589","Seis am Schlern","46,54133 11,55868","Directed","Bad Fusch–Seis am Schlern","1"
"Sand in Taufers","46,90844 11,96036","Pörtschach","47,02251 14,47783","Directed","Sand in Taufers–Pörtschach","1"
"St. Gilgen","47,76667 13,36667","Semmering","47,64224 15,8241","Directed","St. Gilgen–Semmering","3"
"St. Anton am Arlberg","47,1275 10,26372","Pörtschach","47,02251 14,47783","Directed","St. Anton am Arlberg–Pörtschach","2"
"Wien","48,2066 16,37341","Znaim","48,8555 16,0488","Directed","Wien–Znaim","1"
"Mailand","45,46427 9,18951","Wiesbaden","50,08258 8,24932","Directed","Mailand–Wiesbaden","1"
"Wien","48,2066 16,37341","Semmering","47,64224 15,8241","Directed","Wien–Semmering","6"
"Brüssel","50,85045 4,34878","Wien","48,2066 16,37341","Directed","Brüssel–Wien","7"
"Olomouc","49,59552 17,25175","Wien","48,2066 16,37341","Directed","Olomouc–Wien","1"
"Shanghai","31,22222 121,45806","Wien","48,2066 16,37341","Directed","Shanghai–Wien","2"
"Unterach am Attersee","47,80494 13,48728","Berchtesgaden","47,63236 13,00187","Directed","Unterach am Attersee–Berchtesgaden","1"
"Wien","48,2066 16,37341","Rodaun","48,132793312328 16,256152195922","Directed","Wien–Rodaun","40"
"Dubrovnik","42,64807 18,09216","Wien","48,2066 16,37341","Directed","Dubrovnik–Wien","4"
"Unbekannt","","Berlin","52,52437 13,41053","Directed","Unbekannt–Berlin","3"
"Port Said","31,26803 32,30131","Wien","48,2066 16,37341","Directed","Port Said–Wien","1"
"Dresden","51,0833 13,7666","Wien","48,2066 16,37341","Directed","Dresden–Wien","4"
"Frankfurt am Main","50,11552 8,68417","Velden am Wörthersee","46,61901 14,03129","Directed","Frankfurt am Main–Velden am Wörthersee","1"
"Singapur","1,35335 103,86454","Wien","48,2066 16,37341","Directed","Singapur–Wien","1"
"Wien","48,2066 16,37341","Marienbad","49,96115 12,72872","Directed","Wien–Marienbad","2"
"Jaffa","32,05043 34,75224","Wien","48,2066 16,37341","Directed","Jaffa–Wien","1"
"Lüttich","50,63373 5,56749","Wien","48,2066 16,37341","Directed","Lüttich–Wien","1"
"Zistersdorf","48,53585 16,75613","Wien","48,2066 16,37341","Directed","Zistersdorf–Wien","7"
"Paris","48,85341 2,3488","München","48,13743 11,57549","Directed","Paris–München","1"
"Lindau am Bodensee","47,54612 9,68431","Wien","48,2066 16,37341","Directed","Lindau am Bodensee–Wien","1"
"Arosa","46,77793 9,67621","Wien","48,2066 16,37341","Directed","Arosa–Wien","1"
"Wien","48,2066 16,37341","Unterach am Attersee","47,80494 13,48728","Directed","Wien–Unterach am Attersee","3"
"Florenz","43,77925 11,24626","Wien","48,2066 16,37341","Directed","Florenz–Wien","9"
"St. Anton am Arlberg","47,1275 10,26372","Kopenhagen","55,67594 12,56553","Directed","St. Anton am Arlberg–Kopenhagen","1"
"Unbekannt","","Vahrn","46,73901 11,63749","Directed","Unbekannt–Vahrn","1"
"Wien","48,2066 16,37341","Salzburg","47,80067 13,04532","Directed","Wien–Salzburg","14"
"Vrádište","48,82361 17,19093","Wien","48,2066 16,37341","Directed","Vrádište–Wien","2"
"Seis am Schlern","46,54133 11,55868","Strobl","47,71667 13,48333","Directed","Seis am Schlern–Strobl","1"
"Bad Ischl","47,71109 13,61893","Skodsborg","55,8225 12,57324","Directed","Bad Ischl–Skodsborg","2"
"Hodonín","48,84893 17,13244","Wien","48,2066 16,37341","Directed","Hodonín–Wien","1"
"Brighton","50,82838 -0,13947","Wien","48,2066 16,37341","Directed","Brighton–Wien","1"
"Wien","48,2066 16,37341","Čáslav","49,91099 15,38972","Directed","Wien–Čáslav","4"
"Berlin","52,52437 13,41053","Bad Aussee","47,60998 13,78243","Directed","Berlin–Bad Aussee","1"
"Lavarone","45,93632 11,27206","Wien","48,2066 16,37341","Directed","Lavarone–Wien","2"
"Alpnachstad","46,95317 8,2776","Lugano","46,01008 8,96004","Directed","Alpnachstad–Lugano","1"
"Wien","48,2066 16,37341","Paris","48,85341 2,3488","Directed","Wien–Paris","11"
"Lauffen","47,67203 13,61438","Wien","48,2066 16,37341","Directed","Lauffen–Wien","2"
"Sterzing","46,89313 11,42961","Wien","48,2066 16,37341","Directed","Sterzing–Wien","1"
"Matrei am Brenner","47,12852 11,45222","Wien","48,2066 16,37341","Directed","Matrei am Brenner–Wien","1"
"Weimar","50,97361 11,33806","Wien","48,2066 16,37341","Directed","Weimar–Wien","3"
"Berlin","52,52437 13,41053","Unbekannt","","Directed","Berlin–Unbekannt","2"
"Lugano","46,01008 8,96004","Wien","48,2066 16,37341","Directed","Lugano–Wien","2"
"Marienbad","49,96115 12,72872","Bad Ischl","47,71109 13,61893","Directed","Marienbad–Bad Ischl","1"
"Salzburg","47,80067 13,04532","Bad Ischl","47,71109 13,61893","Directed","Salzburg–Bad Ischl","3"
"Bad Gastein","47,11547 13,13467","Wien","48,2066 16,37341","Directed","Bad Gastein–Wien","3"
"Andorf","48,3713 13,57412","Wien","48,2066 16,37341","Directed","Andorf–Wien","1"
"Kopenhagen","55,67594 12,56553","Berlin","52,52437 13,41053","Directed","Kopenhagen–Berlin","1"
"Vahrn","46,73901 11,63749","Kopenhagen","55,67594 12,56553","Directed","Vahrn–Kopenhagen","1"
"Weimar","50,97361 11,33806","Rodaun","48,132793312328 16,256152195922","Directed","Weimar–Rodaun","1"
"Neapel","40,85216 14,26811","Wien","48,2066 16,37341","Directed","Neapel–Wien","4"
"Den Haag","52,07667 4,29861","Wien","48,2066 16,37341","Directed","Den Haag–Wien","3"
"Bad Fusch","47,2003 12,85589","Bad Ischl","47,71109 13,61893","Directed","Bad Fusch–Bad Ischl","3"
"Amsterdam","52,37403 4,88969","Wien","48,2066 16,37341","Directed","Amsterdam–Wien","3"
"Frankfurt am Main","50,11552 8,68417","Toblach","46,72493 12,22109","Directed","Frankfurt am Main–Toblach","1"
"Montreux","46,45179 6,94084","Wien","48,2066 16,37341","Directed","Montreux–Wien","2"
"Bad Ischl","47,71109 13,61893","Bad Aussee","47,60998 13,78243","Directed","Bad Ischl–Bad Aussee","1"
"Tremezzo","45,98423 9,21613","Wien","48,2066 16,37341","Directed","Tremezzo–Wien","1"
"Grundlsee (Gemeinde)","47,61667 13,81667","Wien","48,2066 16,37341","Directed","Grundlsee (Gemeinde)–Wien","2"
"Orahovica","45,54 17,88472","Seeboden","46,83649 13,52346","Directed","Orahovica–Seeboden","1"
"Niagara Falls","43,0945 -79,05671","Wien","48,2066 16,37341","Directed","Niagara Falls–Wien","1"
"Qingdao","36,09193 120,328056","Wien","48,2066 16,37341","Directed","Qingdao–Wien","1"
"Yantai","37,4725 121,45042","Wien","48,2066 16,37341","Directed","Yantai–Wien","3"
"San Francisco","37,77493 -122,41942","Wien","48,2066 16,37341","Directed","San Francisco–Wien","1"
"Athen","37,97945 23,71622","Wien","48,2066 16,37341","Directed","Athen–Wien","1"
"Villach","46,61254 13,8529","Wien","48,2066 16,37341","Directed","Villach–Wien","1"
"Unbekannt","","Unbekannt","","Directed","Unbekannt–Unbekannt","15"
"Bad Aussee","47,60998 13,78243","Bad Ischl","47,71109 13,61893","Directed","Bad Aussee–Bad Ischl","3"
"Bad Ischl","47,71109 13,61893","Bad Fusch","47,2003 12,85589","Directed","Bad Ischl–Bad Fusch","3"
"Köln","50,93835 6,95427","Wien","48,2066 16,37341","Directed","Köln–Wien","1"
"Pompei","40,750556 14,489722","Wien","48,2066 16,37341","Directed","Pompei–Wien","1"
"IV., Wieden","48,19198 16,36714","XVIII., Währing","48,23333 16,31667","Directed","IV., Wieden–XVIII., Währing","1"
"Pörtschach","47,02251 14,47783","Unbekannt","","Directed","Pörtschach–Unbekannt","2"
"Bayreuth","49,94782 11,57893","Helsingør","56,03606 12,6136","Directed","Bayreuth–Helsingør","1"
"Wien","48,2066 16,37341","Czernowitz","48,29149 25,94034","Directed","Wien–Czernowitz","1"
"Las Palmas de Gran Canaria","28,09973 -15,41343","Wien","48,2066 16,37341","Directed","Las Palmas de Gran Canaria–Wien","1"
"Welsberg-Taisten","46,75774 12,10556","Wien","48,2066 16,37341","Directed","Welsberg-Taisten–Wien","2"
"Wien","48,2066 16,37341","Seis am Schlern","46,54133 11,55868","Directed","Wien–Seis am Schlern","1"
"Solin","43,5 16,5","Wien","48,2066 16,37341","Directed","Solin–Wien","2"
"Bad Ischl","47,71109 13,61893","Hodonín","48,84893 17,13244","Directed","Bad Ischl–Hodonín","1"
"Bad Ischl","47,71109 13,61893","Marienbad","49,96115 12,72872","Directed","Bad Ischl–Marienbad","1"
"Hinterbrühl","48,08611 16,24809","Wien","48,2066 16,37341","Directed","Hinterbrühl–Wien","5"
"Bansin","53,95988 14,12954","Marienlyst","56,042028 12,601917","Directed","Bansin–Marienlyst","1"
"Salzburg","47,80067 13,04532","Rodaun","48,132793312328 16,256152195922","Directed","Salzburg–Rodaun","2"
"Bologna","44,49381 11,33875","Wien","48,2066 16,37341","Directed","Bologna–Wien","3"
"Brijuni","44,91417 13,76222","Venedig","45,43713 12,33265","Directed","Brijuni–Venedig","1"
"Sankt Moritz","46,49937 9,84327","Wien","48,2066 16,37341","Directed","Sankt Moritz–Wien","5"
"Nordsee","55,33333 3,0","Wien","48,2066 16,37341","Directed","Nordsee–Wien","1"
"Fulpmes","47,15202 11,34922","Wien","48,2066 16,37341","Directed","Fulpmes–Wien","2"
"Wien","48,2066 16,37341","München","48,13743 11,57549","Directed","Wien–München","13"
"Gainfarn","47,9628 16,19368","Wien","48,2066 16,37341","Directed","Gainfarn–Wien","1"
"Bansin","53,95988 14,12954","Wien","48,2066 16,37341","Directed","Bansin–Wien","1"
"Berlin","52,52437 13,41053","Altaussee","47,6698 13,78453","Directed","Berlin–Altaussee","1"
"Wien","48,2066 16,37341","Hinterbrühl","48,08611 16,24809","Directed","Wien–Hinterbrühl","3"
"Wien","48,2066 16,37341","Tutzing","47,90938 11,2803","Directed","Wien–Tutzing","1"
"Berlin","52,52437 13,41053","Baden bei Wien","48,00543 16,23264","Directed","Berlin–Baden bei Wien","1"
"Znojmo","48,85024 16,04869","Wien","48,2066 16,37341","Directed","Znojmo–Wien","1"
"Riva del Garda","45,88576 10,84118","Wien","48,2066 16,37341","Directed","Riva del Garda–Wien","2"
"Marienbad","49,96115 12,72872","Hodonín","48,84893 17,13244","Directed","Marienbad–Hodonín","1"
"Split","43,5 16,433333","Wien","48,2066 16,37341","Directed","Split–Wien","1"
"Hradec nad Moravicí","49,85192 17,86698","Wien","48,2066 16,37341","Directed","Hradec nad Moravicí–Wien","1"
"Wien","48,2066 16,37341","Gardone Riviera","45,62499 10,56527","Directed","Wien–Gardone Riviera","2"
"St. Gilgen","47,76667 13,36667","Seis am Schlern","46,54133 11,55868","Directed","St. Gilgen–Seis am Schlern","1"
"Mittelmeer","35,0 18,0","Wien","48,2066 16,37341","Directed","Mittelmeer–Wien","1"
"Marienlyst","56,042028 12,601917","Kopenhagen","55,67594 12,56553","Directed","Marienlyst–Kopenhagen","3"
"Helsingør","56,03606 12,6136","St. Gilgen","47,76667 13,36667","Directed","Helsingør–St. Gilgen","1"
"Innsbruck","47,28433 11,37706","Pörtschach","47,02251 14,47783","Directed","Innsbruck–Pörtschach","1"
"Unterach am Attersee","47,80494 13,48728","Semmering","47,64224 15,8241","Directed","Unterach am Attersee–Semmering","1"
"Wien","48,2066 16,37341","Bad Fusch","47,2003 12,85589","Directed","Wien–Bad Fusch","1"
"Saas-Fee","46,10805 7,92741","Wien","48,2066 16,37341","Directed","Saas-Fee–Wien","1"
"Triest","45,66667 13,76667","Wien","48,2066 16,37341","Directed","Triest–Wien","1"
"Bayreuth","49,94782 11,57893","Villach","46,61254 13,8529","Directed","Bayreuth–Villach","1"
"Czernowitz","48,29149 25,94034","Wien","48,2066 16,37341","Directed","Czernowitz–Wien","1"
"Seeboden","46,83649 13,52346","Wien","48,2066 16,37341","Directed","Seeboden–Wien","4"
"Tianjin","39,03839 117,17994","Wien","48,2066 16,37341","Directed","Tianjin–Wien","3"
"Grand Canyon Village","36,053333333333 -112,13944444444","Wien","48,2066 16,37341","Directed","Grand Canyon Village–Wien","1"
"St. Gilgen","47,76667 13,36667","Bad Aussee","47,60998 13,78243","Directed","St. Gilgen–Bad Aussee","3"
"Leukerbad","46,37943 7,62687","Wien","48,2066 16,37341","Directed","Leukerbad–Wien","1"
"Kopenhagen","55,67594 12,56553","Bad Ischl","47,71109 13,61893","Directed","Kopenhagen–Bad Ischl","2"
"Taormina","37,85358 15,28851","Wien","48,2066 16,37341","Directed","Taormina–Wien","4"
"Istanbul","41,01384 28,94966","Wien","48,2066 16,37341","Directed","Istanbul–Wien","1"
"Pörtschach","47,02251 14,47783","Vahrn","46,73901 11,63749","Directed","Pörtschach–Vahrn","4"
"Wien","48,2066 16,37341","Dresden","51,0833 13,7666","Directed","Wien–Dresden","1"
"Helsingør","56,03606 12,6136","Wien","48,2066 16,37341","Directed","Helsingør–Wien","1"
"Skodsborg","55,8225 12,57324","Vahrn","46,73901 11,63749","Directed","Skodsborg–Vahrn","1"
"Pieve di Cadore","46,42302 12,361","Wien","48,2066 16,37341","Directed","Pieve di Cadore–Wien","1"
"Kopenhagen","55,67594 12,56553","Marienlyst","56,042028 12,601917","Directed","Kopenhagen–Marienlyst","2"
"Gmunden","47,91839 13,79933","Wien","48,2066 16,37341","Directed","Gmunden–Wien","1"
"Las Palmas de Gran Canaria","28,09973 -15,41343","Kopenhagen","55,67594 12,56553","Directed","Las Palmas de Gran Canaria–Kopenhagen","1"
"Salzburg","47,80067 13,04532","Seis am Schlern","46,54133 11,55868","Directed","Salzburg–Seis am Schlern","1"
"Split","43,5 16,433333","Paris","48,85341 2,3488","Directed","Split–Paris","1"
"St. Johann in Tirol","47,52332 12,42326","Bad Ischl","47,71109 13,61893","Directed","St. Johann in Tirol–Bad Ischl","1"
"Eppan an der Weinstraße","46,45472 11,26178","Wien","48,2066 16,37341","Directed","Eppan an der Weinstraße–Wien","2"
"Berlin","52,52437 13,41053","Marienlyst","56,042028 12,601917","Directed","Berlin–Marienlyst","4"
"Rodaun","48,132793312328 16,256152195922","Salzburg","47,80067 13,04532","Directed","Rodaun–Salzburg","1"
"Königs Wusterhausen","52,30141 13,633","Wien","48,2066 16,37341","Directed","Königs Wusterhausen–Wien","1"
"Bad Ischl","47,71109 13,61893","Paris","48,85341 2,3488","Directed","Bad Ischl–Paris","1"
"Semmering","47,64224 15,8241","Semmering","47,64224 15,8241","Directed","Semmering–Semmering","1"
"Kremsmünster","48,05301 14,12842","Wien","48,2066 16,37341","Directed","Kremsmünster–Wien","1"
"Mailand","45,46427 9,18951","Lueg am Wolfgangsee","47,754041 13,372211","Directed","Mailand–Lueg am Wolfgangsee","1"
"Padua","45,40797 11,88586","Rodaun","48,132793312328 16,256152195922","Directed","Padua–Rodaun","1"
"Lugano","46,01008 8,96004","Luzern","47,05048 8,30635","Directed","Lugano–Luzern","2"
"Steindorf am Ossiacher See","46,6992 13,98892","Bad Gastein","47,11547 13,13467","Directed","Steindorf am Ossiacher See–Bad Gastein","1"
"Paris","48,85341 2,3488","Berlin","52,52437 13,41053","Directed","Paris–Berlin","2"
"Wien","48,2066 16,37341","Steindorf am Ossiacher See","46,6992 13,98892","Directed","Wien–Steindorf am Ossiacher See","6"
"Heiligenblut am Großglockner","47,03979 12,84345","Wien","48,2066 16,37341","Directed","Heiligenblut am Großglockner–Wien","1"
"Reichenau an der Rax","47,7 15,83333","Altaussee","47,6698 13,78453","Directed","Reichenau an der Rax–Altaussee","2"
"Rájec-Jestřebí","49,41094 16,63902","Wien","48,2066 16,37341","Directed","Rájec-Jestřebí–Wien","2"
"Bormio","46,46717 10,37008","Altaussee","47,6698 13,78453","Directed","Bormio–Altaussee","1"
"Bernried","47,86604 11,29386","Wien","48,2066 16,37341","Directed","Bernried–Wien","2"
"Wien","48,2066 16,37341","Breslau","51,10773 17,03533","Directed","Wien–Breslau","1"
"Fürberg","47,76667 13,38333","Wien","48,2066 16,37341","Directed","Fürberg–Wien","1"
"Innsbruck","47,28433 11,37706","Wien","48,2066 16,37341","Directed","Innsbruck–Wien","1"
"Bad Fusch","47,2003 12,85589","Trondheim","63,43049 10,39506","Directed","Bad Fusch–Trondheim","1"
"Kopenhagen","55,67594 12,56553","Unbekannt","","Directed","Kopenhagen–Unbekannt","2"
"Riva del Garda","45,88576 10,84118","Welsberg-Taisten","46,75774 12,10556","Directed","Riva del Garda–Welsberg-Taisten","1"
"München","48,13743 11,57549","Salzburg","47,80067 13,04532","Directed","München–Salzburg","1"
"Lido","45,38333 12,35","Wien","48,2066 16,37341","Directed","Lido–Wien","5"
"Kopenhagen","55,67594 12,56553","Kopenhagen","55,67594 12,56553","Directed","Kopenhagen–Kopenhagen","1"
"St. Gilgen","47,76667 13,36667","Edlach","47,69255 15,80915","Directed","St. Gilgen–Edlach","1"
"Wiesbaden","50,08258 8,24932","Sankt Michael","46,455308 11,258736","Directed","Wiesbaden–Sankt Michael","2"
"Wien","48,2066 16,37341","Strobl","47,71667 13,48333","Directed","Wien–Strobl","2"
"Steindorf am Ossiacher See","46,6992 13,98892","Wien","48,2066 16,37341","Directed","Steindorf am Ossiacher See–Wien","6"
"Altaussee","47,6698 13,78453","Toblach","46,72493 12,22109","Directed","Altaussee–Toblach","1"
"Altaussee","47,6698 13,78453","Bad Ischl","47,71109 13,61893","Directed","Altaussee–Bad Ischl","9"
"Paris","48,85341 2,3488","Bad Ischl","47,71109 13,61893","Directed","Paris–Bad Ischl","8"
"Brixen","46,71503 11,65598","Bad Ischl","47,71109 13,61893","Directed","Brixen–Bad Ischl","1"
"Seeboden","46,83649 13,52346","Toblach","46,72493 12,22109","Directed","Seeboden–Toblach","1"
"Teplice","50,6404 13,82451","Wien","48,2066 16,37341","Directed","Teplice–Wien","2"
"Unbekannt","","Bad Ischl","47,71109 13,61893","Directed","Unbekannt–Bad Ischl","3"
"Wien","48,2066 16,37341","Brünn","49,19522 16,60796","Directed","Wien–Brünn","2"
"Axenstein","46,98666 8,61554","Wien","48,2066 16,37341","Directed","Axenstein–Wien","1"
"Wiesbaden","50,08258 8,24932","Venedig","45,43713 12,33265","Directed","Wiesbaden–Venedig","1"
"Bad Aussee","47,60998 13,78243","St. Gilgen","47,76667 13,36667","Directed","Bad Aussee–St. Gilgen","3"
"Edlach","47,69255 15,80915","Hamburg","53,57532 10,01534","Directed","Edlach–Hamburg","1"
"Magglingen","47,139 7,21407","Wien","48,2066 16,37341","Directed","Magglingen–Wien","1"
"Cortina d'Ampezzo","46,5369 12,13903","Welsberg-Taisten","46,75774 12,10556","Directed","Cortina d'Ampezzo–Welsberg-Taisten","2"
"Höhlenstein","46,641944 12,2322","Vahrn","46,73901 11,63749","Directed","Höhlenstein–Vahrn","2"
"Stockholm","59,325 18,05","Kopenhagen","55,67594 12,56553","Directed","Stockholm–Kopenhagen","3"
"Tromsø","69,6489 18,95508","Kopenhagen","55,67594 12,56553","Directed","Tromsø–Kopenhagen","1"
"Celerina","46,5146 9,8622","Wien","48,2066 16,37341","Directed","Celerina–Wien","1"
"Meran","46,66817 11,15953","Wien","48,2066 16,37341","Directed","Meran–Wien","5"
"Wien","48,2066 16,37341","Fürberg","47,76667 13,38333","Directed","Wien–Fürberg","1"
"Opatija","45,33771 14,30515","Wien","48,2066 16,37341","Directed","Opatija–Wien","5"
"Budapest","47,49835 19,04045","Wien","48,2066 16,37341","Directed","Budapest–Wien","1"
"Baia","40,81667 14,06667","Wien","48,2066 16,37341","Directed","Baia–Wien","1"
"Rom","41,89193 12,51133","Wien","48,2066 16,37341","Directed","Rom–Wien","11"
"Puchberg am Schneeberg","47,78709 15,91352","Wien","48,2066 16,37341","Directed","Puchberg am Schneeberg–Wien","1"
"Payerbach","47,69209 15,8634","Altaussee","47,6698 13,78453","Directed","Payerbach–Altaussee","1"
"Graz","47,06667 15,43333","Tschortkiw","49,01701 25,79808","Directed","Graz–Tschortkiw","1"
"Wien","48,2066 16,37341","Miskolc","48,10306 20,77806","Directed","Wien–Miskolc","2"
"Velden am Wörthersee","46,61901 14,03129","Wien","48,2066 16,37341","Directed","Velden am Wörthersee–Wien","1"
"Biel","47,13713 7,24608","Unbekannt","","Directed","Biel–Unbekannt","1"
"Edlach","47,69255 15,80915","Wien","48,2066 16,37341","Directed","Edlach–Wien","5"
"Leipzig","51,33962 12,37129","Wien","48,2066 16,37341","Directed","Leipzig–Wien","2"
"Paris","48,85341 2,3488","Frankfurt am Main","50,11552 8,68417","Directed","Paris–Frankfurt am Main","1"
"Wien","48,2066 16,37341","Rom","41,89193 12,51133","Directed","Wien–Rom","4"
"Madonna di Campiglio","46,22671 10,82582","Wien","48,2066 16,37341","Directed","Madonna di Campiglio–Wien","3"
"Reichenau an der Rax","47,7 15,83333","Rodaun","48,132793312328 16,256152195922","Directed","Reichenau an der Rax–Rodaun","1"
"Wien","48,2066 16,37341","Welsberg-Taisten","46,75774 12,10556","Directed","Wien–Welsberg-Taisten","3"
"St. Johann im Pongau","47,35 13,2","Steindorf am Ossiacher See","46,6992 13,98892","Directed","St. Johann im Pongau–Steindorf am Ossiacher See","1"
"Luzern","47,05048 8,30635","Steindorf am Ossiacher See","46,6992 13,98892","Directed","Luzern–Steindorf am Ossiacher See","1"
"Opatija","45,33771 14,30515","Unbekannt","","Directed","Opatija–Unbekannt","1"
"Reichenau an der Rax","47,7 15,83333","Wien","48,2066 16,37341","Directed","Reichenau an der Rax–Wien","2"
"Altaussee","47,6698 13,78453","Wien","48,2066 16,37341","Directed","Altaussee–Wien","4"
"Dölsach","46,85721 12,83416","Wien","48,2066 16,37341","Directed","Dölsach–Wien","1"
"Kopenhagen","55,67594 12,56553","Stockholm","59,325 18,05","Directed","Kopenhagen–Stockholm","3"
"Sankt Moritz","46,49937 9,84327","Baden-Baden","48,7606 8,23975","Directed","Sankt Moritz–Baden-Baden","1"
"Altaussee","47,6698 13,78453","Mallnitz","46,99173 13,1678","Directed","Altaussee–Mallnitz","1"
"Oslo","59,91273 10,74609","Kopenhagen","55,67594 12,56553","Directed","Oslo–Kopenhagen","2"
"Wien","48,2066 16,37341","Lido","45,38333 12,35","Directed","Wien–Lido","1"
"Mödling","48,08605 16,28921","Wien","48,2066 16,37341","Directed","Mödling–Wien","1"
"Salzburg","47,80067 13,04532","Salzburg","47,80067 13,04532","Directed","Salzburg–Salzburg","2"
"Vahrn","46,73901 11,63749","Wien","48,2066 16,37341","Directed","Vahrn–Wien","2"
"Seis am Schlern","46,54133 11,55868","Berlin","52,52437 13,41053","Directed","Seis am Schlern–Berlin","1"
"Brünn","49,19522 16,60796","Wien","48,2066 16,37341","Directed","Brünn–Wien","5"
"Toblach","46,72493 12,22109","Seeboden","46,83649 13,52346","Directed","Toblach–Seeboden","1"
"St. Gilgen","47,76667 13,36667","Rodaun","48,132793312328 16,256152195922","Directed","St. Gilgen–Rodaun","2"
"Seeboden","46,83649 13,52346","Unbekannt","","Directed","Seeboden–Unbekannt","1"
"Wien","48,2066 16,37341","Szklarska Poręba","50,82567 15,52274","Directed","Wien–Szklarska Poręba","1"
"Paris","48,85341 2,3488","Prag","50,08333 14,46667","Directed","Paris–Prag","1"
"Altaussee","47,6698 13,78453","San Martino di Castrozza","46,26667 11,8","Directed","Altaussee–San Martino di Castrozza","1"
"Cap-d'Ail","43,72192 7,40685","Wien","48,2066 16,37341","Directed","Cap-d'Ail–Wien","1"
"Wiesbaden","50,08258 8,24932","Vahrn","46,73901 11,63749","Directed","Wiesbaden–Vahrn","1"
"Leukerbad","46,37943 7,62687","Hinterbrühl","48,08611 16,24809","Directed","Leukerbad–Hinterbrühl","1"
"Wien","48,2066 16,37341","Edlach","47,69255 15,80915","Directed","Wien–Edlach","3"
"Bled","46,36917 14,11361","Wien","48,2066 16,37341","Directed","Bled–Wien","1"
"Berlin","52,52437 13,41053","Payerbach","47,69209 15,8634","Directed","Berlin–Payerbach","2"
"Sestri Levante","44,27317 9,39683","Wien","48,2066 16,37341","Directed","Sestri Levante–Wien","1"
"Salzburg","47,80067 13,04532","Trondheim","63,43049 10,39506","Directed","Salzburg–Trondheim","1"
"Unbekannt","","Salzburg","47,80067 13,04532","Directed","Unbekannt–Salzburg","1"
"Celerina","46,5146 9,8622","Bad Aussee","47,60998 13,78243","Directed","Celerina–Bad Aussee","1"
"Schönberg im Stubaital","47,18333 11,41667","Pörtschach","47,02251 14,47783","Directed","Schönberg im Stubaital–Pörtschach","1"
"Baden bei Wien","48,00543 16,23264","Wien","48,2066 16,37341","Directed","Baden bei Wien–Wien","7"
"Wien","48,2066 16,37341","Florenz","43,77925 11,24626","Directed","Wien–Florenz","2"
"Cortina d'Ampezzo","46,5369 12,13903","Wien","48,2066 16,37341","Directed","Cortina d'Ampezzo–Wien","2"
"Luzern","47,05048 8,30635","Lugano","46,01008 8,96004","Directed","Luzern–Lugano","1"
"St. Johann im Pongau","47,35 13,2","Tschortkiw","49,01701 25,79808","Directed","St. Johann im Pongau–Tschortkiw","1"
"Prag","50,08333 14,46667","Wien","48,2066 16,37341","Directed","Prag–Wien","3"
"Rodaun","48,132793312328 16,256152195922","Reichenau an der Rax","47,7 15,83333","Directed","Rodaun–Reichenau an der Rax","1"
"Berlin","52,52437 13,41053","Taormina","37,85358 15,28851","Directed","Berlin–Taormina","1"
"Como","45,80819 9,0832","Pass Lueg","47,56667 13,2","Directed","Como–Pass Lueg","1"
"Karlsbad","50,23271 12,87117","Bad Ischl","47,71109 13,61893","Directed","Karlsbad–Bad Ischl","1"
"Hamburg","53,57532 10,01534","Wien","48,2066 16,37341","Directed","Hamburg–Wien","7"
"Bad Gastein","47,11547 13,13467","Steindorf am Ossiacher See","46,6992 13,98892","Directed","Bad Gastein–Steindorf am Ossiacher See","1"
"Tegernsee","47,7123 11,7582","Steindorf am Ossiacher See","46,6992 13,98892","Directed","Tegernsee–Steindorf am Ossiacher See","2"
"Bellagio","45,98745 9,26199","Wien","48,2066 16,37341","Directed","Bellagio–Wien","1"
"Harmannsdorf","48,60055 15,74243","Wien","48,2066 16,37341","Directed","Harmannsdorf–Wien","2"
"Fürberg","47,76667 13,38333","Trondheim","63,43049 10,39506","Directed","Fürberg–Trondheim","1"
"San Martino di Castrozza","46,26667 11,8","Wien","48,2066 16,37341","Directed","San Martino di Castrozza–Wien","1"
"Mixnitz","47,32925 15,36344","Wien","48,2066 16,37341","Directed","Mixnitz–Wien","1"
"Maria Schutz","47,64168 15,86924","Welsberg-Taisten","46,75774 12,10556","Directed","Maria Schutz–Welsberg-Taisten","2"
"Sankt Moritz-Bad","46,46667 9,83333","Wien","48,2066 16,37341","Directed","Sankt Moritz-Bad–Wien","1"
"Berlin","52,52437 13,41053","Venedig","45,43713 12,33265","Directed","Berlin–Venedig","1"
"Atlantischer Ozean","7,0 -31,0","Wien","48,2066 16,37341","Directed","Atlantischer Ozean–Wien","1"
"Świnoujście","53,91053 14,24712","Welsberg-Taisten","46,75774 12,10556","Directed","Świnoujście–Welsberg-Taisten","1"
"Rüdesheim","49,9789 7,92442","Sankt Michael","46,455308 11,258736","Directed","Rüdesheim–Sankt Michael","1"
"Spittal an der Drau","46,8 13,5","Seeboden","46,83649 13,52346","Directed","Spittal an der Drau–Seeboden","1"
"Velden am Wörthersee","46,61901 14,03129","Marienbad","49,96115 12,72872","Directed","Velden am Wörthersee–Marienbad","2"
"Unterach am Attersee","47,80494 13,48728","Bad Ischl","47,71109 13,61893","Directed","Unterach am Attersee–Bad Ischl","2"
"Celerina","46,5146 9,8622","Weißenbach am Attersee","47,8004 13,5358","Directed","Celerina–Weißenbach am Attersee","2"
"Seeboden","46,83649 13,52346","Velden am Wörthersee","46,61901 14,03129","Directed","Seeboden–Velden am Wörthersee","1"
"Jagniątków","50,816944 15,609444","Wien","48,2066 16,37341","Directed","Jagniątków–Wien","5"
"Tarvisio","46,50567 13,58689","Seeboden","46,83649 13,52346","Directed","Tarvisio–Seeboden","1"
"Berlin","52,52437 13,41053","Hinterbrühl","48,08611 16,24809","Directed","Berlin–Hinterbrühl","1"
"Eppan an der Weinstraße","46,45472 11,26178","Wiesbaden","50,08258 8,24932","Directed","Eppan an der Weinstraße–Wiesbaden","1"
"Wien","48,2066 16,37341","Baden bei Wien","48,00543 16,23264","Directed","Wien–Baden bei Wien","5"
"Salzburg","47,80067 13,04532","Pörtschach","47,02251 14,47783","Directed","Salzburg–Pörtschach","1"
"Gerngroß","48,199904627721 16,354007973149","Wien","48,2066 16,37341","Directed","Gerngroß–Wien","1"
"Trondheim","63,43049 10,39506","Kopenhagen","55,67594 12,56553","Directed","Trondheim–Kopenhagen","1"
"Palermo","38,13205 13,33561","Wien","48,2066 16,37341","Directed","Palermo–Wien","1"
"Skodsborg","55,8225 12,57324","Skodsborg","55,8225 12,57324","Directed","Skodsborg–Skodsborg","1"
"Altaussee","47,6698 13,78453","Reichenau an der Rax","47,7 15,83333","Directed","Altaussee–Reichenau an der Rax","1"
"Wien","48,2066 16,37341","Altaussee","47,6698 13,78453","Directed","Wien–Altaussee","6"
"Strobl","47,71667 13,48333","Bad Ischl","47,71109 13,61893","Directed","Strobl–Bad Ischl","1"
"Hinterbrühl","48,08611 16,24809","Tegernsee","47,7123 11,7582","Directed","Hinterbrühl–Tegernsee","3"
"Bad Gastein","47,11547 13,13467","Mödling","48,08605 16,28921","Directed","Bad Gastein–Mödling","1"
"Kiel","54,32133 10,13489","Wien","48,2066 16,37341","Directed","Kiel–Wien","1"
"Kopenhagen","55,67594 12,56553","Menton","43,77649 7,50435","Directed","Kopenhagen–Menton","1"
"Perchtoldsdorf","48,11895 16,25736","Wien","48,2066 16,37341","Directed","Perchtoldsdorf–Wien","1"
"Dubrovnik","42,64807 18,09216","Rodaun","48,132793312328 16,256152195922","Directed","Dubrovnik–Rodaun","1"
"Würzburg","49,79391 9,95121","Wien","48,2066 16,37341","Directed","Würzburg–Wien","1"
"Tschortkiw","49,01701 25,79808","Wien","48,2066 16,37341","Directed","Tschortkiw–Wien","3"
"Tegernsee","47,7123 11,7582","Hinterbrühl","48,08611 16,24809","Directed","Tegernsee–Hinterbrühl","1"
"Berlin","52,52437 13,41053","Breslau","51,10773 17,03533","Directed","Berlin–Breslau","1"
"Klamm","47,66001 15,86754","Hinterbrühl","48,08611 16,24809","Directed","Klamm–Hinterbrühl","1"
"Omaha","41,25626 -95,94043","Wien","48,2066 16,37341","Directed","Omaha–Wien","1"
"Fusch an der Großglocknerstraße","47,22729 12,82727","Tschortkiw","49,01701 25,79808","Directed","Fusch an der Großglocknerstraße–Tschortkiw","1"
"Mailand","45,46427 9,18951","Wien","48,2066 16,37341","Directed","Mailand–Wien","1"
"Admont","47,56155 14,47188","Altaussee","47,6698 13,78453","Directed","Admont–Altaussee","1"
"Schliersee","47,73621 11,85936","Wien","48,2066 16,37341","Directed","Schliersee–Wien","4"
"Stavanger","58,97005 5,73332","Kopenhagen","55,67594 12,56553","Directed","Stavanger–Kopenhagen","1"
"Hochschneeberg","47,775833 15,8075","Lido","45,38333 12,35","Directed","Hochschneeberg–Lido","1"
"München","48,13743 11,57549","Lido","45,38333 12,35","Directed","München–Lido","1"
"Danzig","54,3611 18,6897","Wien","48,2066 16,37341","Directed","Danzig–Wien","1"
"Wien","48,2066 16,37341","Menton","43,77649 7,50435","Directed","Wien–Menton","1"
"Lido","45,38333 12,35","Brijuni","44,91417 13,76222","Directed","Lido–Brijuni","1"
"Berlin","52,52437 13,41053","Welsberg-Taisten","46,75774 12,10556","Directed","Berlin–Welsberg-Taisten","2"
"Bozen","46,49067 11,33982","St. Gilgen","47,76667 13,36667","Directed","Bozen–St. Gilgen","1"
"Vahrn","46,73901 11,63749","Frankfurt am Main","50,11552 8,68417","Directed","Vahrn–Frankfurt am Main","1"
"Frankfurt am Main","50,11552 8,68417","Paris","48,85341 2,3488","Directed","Frankfurt am Main–Paris","2"
"Wien","48,2066 16,37341","Velden am Wörthersee","46,61901 14,03129","Directed","Wien–Velden am Wörthersee","1"
"Bayreuth","49,94782 11,57893","Wien","48,2066 16,37341","Directed","Bayreuth–Wien","1"
"Szklarska Poręba","50,82567 15,52274","Wien","48,2066 16,37341","Directed","Szklarska Poręba–Wien","2"
"Frankfurt am Main","50,11552 8,68417","Vahrn","46,73901 11,63749","Directed","Frankfurt am Main–Vahrn","1"
"Paris","48,85341 2,3488","Paris","48,85341 2,3488","Directed","Paris–Paris","3"
"Brijuni","44,91417 13,76222","Lido","45,38333 12,35","Directed","Brijuni–Lido","2"
"Menton","43,77649 7,50435","Wien","48,2066 16,37341","Directed","Menton–Wien","1"
"Hel","54,60384 18,80351","Wien","48,2066 16,37341","Directed","Hel–Wien","1"
"Welsberg-Taisten","46,75774 12,10556","Maria Schutz","47,64168 15,86924","Directed","Welsberg-Taisten–Maria Schutz","2"
"Edlach","47,69255 15,80915","Unbekannt","","Directed","Edlach–Unbekannt","2"
"Venedig","45,43713 12,33265","Edlach","47,69255 15,80915","Directed","Venedig–Edlach","1"
"Marrakesh","31,63416 -7,99994","Wien","48,2066 16,37341","Directed","Marrakesh–Wien","1"
"Maria Wörth","46,61639 14,16306","Wien","48,2066 16,37341","Directed","Maria Wörth–Wien","1"
"Ostrava","49,83465 18,28204","Wien","48,2066 16,37341","Directed","Ostrava–Wien","2"
"Lübeck","53,86893 10,68729","St. Gilgen","47,76667 13,36667","Directed","Lübeck–St. Gilgen","1"
"Berlin","52,52437 13,41053","Salzburg","47,80067 13,04532","Directed","Berlin–Salzburg","2"
"Baden bei Wien","48,00543 16,23264","Unbekannt","","Directed","Baden bei Wien–Unbekannt","1"
"Graz","47,06667 15,43333","Steindorf am Ossiacher See","46,6992 13,98892","Directed","Graz–Steindorf am Ossiacher See","1"
"Mende","44,518333 3,500556","Wien","48,2066 16,37341","Directed","Mende–Wien","1"
"Reichenau an der Rax","47,7 15,83333","Unbekannt","","Directed","Reichenau an der Rax–Unbekannt","1"
"Wien","48,2066 16,37341","Reichenau an der Rax","47,7 15,83333","Directed","Wien–Reichenau an der Rax","2"
"Garmisch-Partenkirchen","47,49209 11,09576","Paris","48,85341 2,3488","Directed","Garmisch-Partenkirchen–Paris","1"
"Strobl","47,71667 13,48333","Pontresina","46,4955 9,90126","Directed","Strobl–Pontresina","1"
"Ajaccio","41,91886 8,73812","Wien","48,2066 16,37341","Directed","Ajaccio–Wien","1"
"Wien","48,2066 16,37341","Hamburg","53,57532 10,01534","Directed","Wien–Hamburg","1"
"Paris","48,85341 2,3488","Oslo","59,91273 10,74609","Directed","Paris–Oslo","1"
"Breslau","51,10773 17,03533","Wien","48,2066 16,37341","Directed","Breslau–Wien","1"
"Miskolc","48,10306 20,77806","Wien","48,2066 16,37341","Directed","Miskolc–Wien","3"
"Ouchy","46,50666 6,62493","Wien","48,2066 16,37341","Directed","Ouchy–Wien","1"
"Grundlsee (Gemeinde)","47,61667 13,81667","Bad Ischl","47,71109 13,61893","Directed","Grundlsee (Gemeinde)–Bad Ischl","1"
"Feldafing","47,94602 11,29326","Wien","48,2066 16,37341","Directed","Feldafing–Wien","1"
"Interlaken","46,68387 7,86638","Wien","48,2066 16,37341","Directed","Interlaken–Wien","1"
"Skodsborg","55,8225 12,57324","Unbekannt","","Directed","Skodsborg–Unbekannt","2"
"Tłumacz","48,86403 25,00325","Wien","48,2066 16,37341","Directed","Tłumacz–Wien","1"
"Kopenhagen","55,67594 12,56553","Salzburg","47,80067 13,04532","Directed","Kopenhagen–Salzburg","1"
"Wien","48,2066 16,37341","Sestri Levante","44,27317 9,39683","Directed","Wien–Sestri Levante","1"
"Zell am Ziller","47,22982 11,88535","München","48,13743 11,57549","Directed","Zell am Ziller–München","1"
"Berchtesgaden","47,63236 13,00187","Mayrhofen","47,16539 11,86475","Directed","Berchtesgaden–Mayrhofen","1"
"Deutschfeistritz","47,19852 15,33623","Wien","48,2066 16,37341","Directed","Deutschfeistritz–Wien","1"
"Berlin","52,52437 13,41053","Rodaun","48,132793312328 16,256152195922","Directed","Berlin–Rodaun","2"
"Berlin","52,52437 13,41053","Brühl","48,08509 16,24801","Directed","Berlin–Brühl","1"
"Maloja","46,401497 9,695937","Lido","45,38333 12,35","Directed","Maloja–Lido","1"
"Pula","44,86833 13,84806","Wien","48,2066 16,37341","Directed","Pula–Wien","1"
"Selzthal","47,55328 14,32596","Bad Ischl","47,71109 13,61893","Directed","Selzthal–Bad Ischl","1"
"München","48,13743 11,57549","Vahrn","46,73901 11,63749","Directed","München–Vahrn","1"
"Bad Ischl","47,71109 13,61893","Weißenbach am Attersee","47,8004 13,5358","Directed","Bad Ischl–Weißenbach am Attersee","2"
"Weißenbach am Attersee","47,8004 13,5358","Wien","48,2066 16,37341","Directed","Weißenbach am Attersee–Wien","3"
"Velden am Wörthersee","46,61901 14,03129","Seeboden","46,83649 13,52346","Directed","Velden am Wörthersee–Seeboden","1"
"Mariazell","47,77306 15,31639","Wien","48,2066 16,37341","Directed","Mariazell–Wien","3"
"Paris","48,85341 2,3488","Salzburg","47,80067 13,04532","Directed","Paris–Salzburg","1"
"Salzburg","47,80067 13,04532","Weißenbach am Attersee","47,8004 13,5358","Directed","Salzburg–Weißenbach am Attersee","1"
"Zirndorf","49,4424 10,95414","Vahrn","46,73901 11,63749","Directed","Zirndorf–Vahrn","1"
"Seeboden","46,83649 13,52346","Bad Ischl","47,71109 13,61893","Directed","Seeboden–Bad Ischl","2"
"Karlsbad","50,23271 12,87117","Edlach","47,69255 15,80915","Directed","Karlsbad–Edlach","1"
"Grado","45,67774 13,40323","Wien","48,2066 16,37341","Directed","Grado–Wien","2"
"Pichl am See","47,81667 13,4","Edlach","47,69255 15,80915","Directed","Pichl am See–Edlach","1"
"Misurina","46,58108 12,25275","Wien","48,2066 16,37341","Directed","Misurina–Wien","1"
"München","48,13743 11,57549","Zell am Ziller","47,22982 11,88535","Directed","München–Zell am Ziller","1"
"Berlin","52,52437 13,41053","St. Anton am Arlberg","47,1275 10,26372","Directed","Berlin–St. Anton am Arlberg","2"
"Genf","46,20222 6,14569","Wien","48,2066 16,37341","Directed","Genf–Wien","1"
"Bad Ischl","47,71109 13,61893","Altaussee","47,6698 13,78453","Directed","Bad Ischl–Altaussee","5"
"Wien","48,2066 16,37341","New York City","40,71427 -74,00597","Directed","Wien–New York City","1"
"Meran","46,66817 11,15953","Lido","45,38333 12,35","Directed","Meran–Lido","1"
"Nago–Torbole","45,87594 10,89106","Wien","48,2066 16,37341","Directed","Nago–Torbole–Wien","1"
"Paris","48,85341 2,3488","Hamburg","53,57532 10,01534","Directed","Paris–Hamburg","1"
"London","51,50853 -0,12574","Wien","48,2066 16,37341","Directed","London–Wien","3"
"Pegli","44,42445 8,81213","Rodaun","48,132793312328 16,256152195922","Directed","Pegli–Rodaun","1"
"Wilmersdorf","52,48333 13,31667","Wien","48,2066 16,37341","Directed","Wilmersdorf–Wien","1"
"Pressbaum","48,18333 16,08333","Bad Ischl","47,71109 13,61893","Directed","Pressbaum–Bad Ischl","1"
"Bad Ischl","47,71109 13,61893","Unbekannt","","Directed","Bad Ischl–Unbekannt","1"
"Messina","38,19394 15,55256","Wien","48,2066 16,37341","Directed","Messina–Wien","1"
"Berlin","52,52437 13,41053","Seis am Schlern","46,54133 11,55868","Directed","Berlin–Seis am Schlern","3"
"Breslau","51,10773 17,03533","Berlin","52,52437 13,41053","Directed","Breslau–Berlin","1"
"Dänemark","56,0 10,0","Unbekannt","","Directed","Dänemark–Unbekannt","1"
"Krieglach","47,54728 15,56248","Steindorf am Ossiacher See","46,6992 13,98892","Directed","Krieglach–Steindorf am Ossiacher See","1"
"Steindorf am Ossiacher See","46,6992 13,98892","Graz","47,06667 15,43333","Directed","Steindorf am Ossiacher See–Graz","1"
"Paris","48,85341 2,3488","Trondheim","63,43049 10,39506","Directed","Paris–Trondheim","1"
"Semmering","47,64224 15,8241","Meran","46,66817 11,15953","Directed","Semmering–Meran","2"
"Altaussee","47,6698 13,78453","Altaussee","47,6698 13,78453","Directed","Altaussee–Altaussee","2"
"Dürnstein","48,40751 15,51978","Wien","48,2066 16,37341","Directed","Dürnstein–Wien","1"
"Frascati","41,8091 12,67942","Wien","48,2066 16,37341","Directed","Frascati–Wien","1"
"Zdislavice","49,22351 17,26127","Wien","48,2066 16,37341","Directed","Zdislavice–Wien","2"
"Berlin","52,52437 13,41053","Vahrn","46,73901 11,63749","Directed","Berlin–Vahrn","2"
"Bad Ischl","47,71109 13,61893","Berlin","52,52437 13,41053","Directed","Bad Ischl–Berlin","1"
"Wien","48,2066 16,37341","Tłumacz","48,86403 25,00325","Directed","Wien–Tłumacz","1"
"Wien","48,2066 16,37341","Gutenstein","47,875833333333 15,889166666667","Directed","Wien–Gutenstein","1"
"Wien","48,2066 16,37341","Jagniątków","50,816944 15,609444","Directed","Wien–Jagniątków","2"
"Frankfurt am Main","50,11552 8,68417","Berlin","52,52437 13,41053","Directed","Frankfurt am Main–Berlin","5"
"Höhlenstein","46,641944 12,2322","Edlach","47,69255 15,80915","Directed","Höhlenstein–Edlach","2"
"Bozen","46,49067 11,33982","Wien","48,2066 16,37341","Directed","Bozen–Wien","1"
"Sankt Michael","46,455308 11,258736","Unbekannt","","Directed","Sankt Michael–Unbekannt","1"
"Wien","48,2066 16,37341","Frankfurt am Main","50,11552 8,68417","Directed","Wien–Frankfurt am Main","1"
"Nürnberg","49,45421 11,07752","Vahrn","46,73901 11,63749","Directed","Nürnberg–Vahrn","2"
"Bad Ischl","47,71109 13,61893","Seeboden","46,83649 13,52346","Directed","Bad Ischl–Seeboden","3"
"Breitenfurt bei Wien","48,13333 16,15","Wien","48,2066 16,37341","Directed","Breitenfurt bei Wien–Wien","1"
"Celerina","46,5146 9,8622","Kopenhagen","55,67594 12,56553","Directed","Celerina–Kopenhagen","1"
"Wien","48,2066 16,37341","Weißenbach am Attersee","47,8004 13,5358","Directed","Wien–Weißenbach am Attersee","1"
"Paris","48,85341 2,3488","London","51,50853 -0,12574","Directed","Paris–London","1"
"Karersee","46,409167 11,575","Wien","48,2066 16,37341","Directed","Karersee–Wien","1"
"Venedig","45,43713 12,33265","Brijuni","44,91417 13,76222","Directed","Venedig–Brijuni","1"
"Berlin","52,52437 13,41053","Sankt Michael","46,455308 11,258736","Directed","Berlin–Sankt Michael","1"
"Brenner","47,00528 11,50836","Wien","48,2066 16,37341","Directed","Brenner–Wien","1"
"Grado","45,67774 13,40323","Edlach","47,69255 15,80915","Directed","Grado–Edlach","1"
"Avignon","43,94834 4,80892","Wien","48,2066 16,37341","Directed","Avignon–Wien","1"
"Stilfser Joch","46,528333 10,453333","Wien","48,2066 16,37341","Directed","Stilfser Joch–Wien","1"
"Paris","48,85341 2,3488","Stockholm","59,325 18,05","Directed","Paris–Stockholm","1"
"Wien","48,2066 16,37341","Tschortkiw","49,01701 25,79808","Directed","Wien–Tschortkiw","2"
"Berlin","52,52437 13,41053","Jagniątków","50,816944 15,609444","Directed","Berlin–Jagniątków","1"
"Korfu","39,598055 19,852222","Rodaun","48,132793312328 16,256152195922","Directed","Korfu–Rodaun","1"
"Bad Ischl","47,71109 13,61893","Schruns","47,06667 9,91667","Directed","Bad Ischl–Schruns","1"
"Bad Tölz","47,76111 11,5589","Bad Ischl","47,71109 13,61893","Directed","Bad Tölz–Bad Ischl","2"
"Versailles","48,80359 2,13424","Wien","48,2066 16,37341","Directed","Versailles–Wien","1"
"Berlin","52,52437 13,41053","Opatija","45,33771 14,30515","Directed","Berlin–Opatija","1"
"Prievoz","48,146297222222 17,167102777778","Wien","48,2066 16,37341","Directed","Prievoz–Wien","1"
"Lofer","47,58475 12,69333","Kaltenleutgeben","48,11646 16,19956","Directed","Lofer–Kaltenleutgeben","1"
"Bad Aussee","47,60998 13,78243","Altaussee","47,6698 13,78453","Directed","Bad Aussee–Altaussee","2"
"Velden am Wörthersee","46,61901 14,03129","Welsberg-Taisten","46,75774 12,10556","Directed","Velden am Wörthersee–Welsberg-Taisten","1"
"Hallstätter See","47,578611 13,660556","Wien","48,2066 16,37341","Directed","Hallstätter See–Wien","1"
"Kaliningrad","54,70649 20,51095","Wien","48,2066 16,37341","Directed","Kaliningrad–Wien","1"
"Altaussee","47,6698 13,78453","Berlin","52,52437 13,41053","Directed","Altaussee–Berlin","1"
"Kaltenleutgeben","48,11646 16,19956","Wien","48,2066 16,37341","Directed","Kaltenleutgeben–Wien","2"
"Hochschneeberg","47,775833 15,8075","Rodaun","48,132793312328 16,256152195922","Directed","Hochschneeberg–Rodaun","1"
"Bad Ischl","47,71109 13,61893","Vahrn","46,73901 11,63749","Directed","Bad Ischl–Vahrn","3"
"Vahrn","46,73901 11,63749","München","48,13743 11,57549","Directed","Vahrn–München","1"
"Antwerpen","51,2663 4,37077","Wien","48,2066 16,37341","Directed","Antwerpen–Wien","1"
"Innsbruck","47,28433 11,37706","München","48,13743 11,57549","Directed","Innsbruck–München","1"
"Riva del Garda","45,88576 10,84118","Rodaun","48,132793312328 16,256152195922","Directed","Riva del Garda–Rodaun","1"
"Riva del Garda","45,88576 10,84118","Madonna di Campiglio","46,22671 10,82582","Directed","Riva del Garda–Madonna di Campiglio","1"
"St. Gilgen","47,76667 13,36667","St. Gilgen","47,76667 13,36667","Directed","St. Gilgen–St. Gilgen","1"
"Nürnberg","49,45421 11,07752","Wien","48,2066 16,37341","Directed","Nürnberg–Wien","1"
"Edlach","47,69255 15,80915","Pichl am See","47,81667 13,4","Directed","Edlach–Pichl am See","1"
"Berlin","52,52437 13,41053","Rom","41,89193 12,51133","Directed","Berlin–Rom","1"
"Luzern","47,05048 8,30635","Wien","48,2066 16,37341","Directed","Luzern–Wien","1"
"Wien","48,2066 16,37341","Neapel","40,85216 14,26811","Directed","Wien–Neapel","1"
"Welsberg-Taisten","46,75774 12,10556","Villach","46,61254 13,8529","Directed","Welsberg-Taisten–Villach","1"
"Wien","48,2066 16,37341","Kaltenleutgeben","48,11646 16,19956","Directed","Wien–Kaltenleutgeben","2"
"Noordwijk","52,26953 4,46354","Seis am Schlern","46,54133 11,55868","Directed","Noordwijk–Seis am Schlern","1"
"Salzburg","47,80067 13,04532","Innsbruck","47,28433 11,37706","Directed","Salzburg–Innsbruck","1"
"Trient","46,06787 11,12108","Wien","48,2066 16,37341","Directed","Trient–Wien","1"
"Hühnerspiel","46,94455 11,502201","Wien","48,2066 16,37341","Directed","Hühnerspiel–Wien","1"
"Marienbad","49,96115 12,72872","Seis am Schlern","46,54133 11,55868","Directed","Marienbad–Seis am Schlern","1"
"Hallein","47,68333 13,1","Rodaun","48,132793312328 16,256152195922","Directed","Hallein–Rodaun","1"
"Versailles","48,80359 2,13424","St. Anton am Arlberg","47,1275 10,26372","Directed","Versailles–St. Anton am Arlberg","1"
"Kreiensen","51,85363 9,96481","Wien","48,2066 16,37341","Directed","Kreiensen–Wien","1"
"Carbonin","46,62111 12,21722","Wien","48,2066 16,37341","Directed","Carbonin–Wien","1"
"Wien","48,2066 16,37341","Dölsach","46,85721 12,83416","Directed","Wien–Dölsach","2"
"Salzburg","47,80067 13,04532","Reichenau an der Rax","47,7 15,83333","Directed","Salzburg–Reichenau an der Rax","1"
"Sambir","49,5183 23,19752","Wien","48,2066 16,37341","Directed","Sambir–Wien","1"
"Welsberg-Taisten","46,75774 12,10556","Velden am Wörthersee","46,61901 14,03129","Directed","Welsberg-Taisten–Velden am Wörthersee","1"
"Bayreuth","49,94782 11,57893","Edlach","47,69255 15,80915","Directed","Bayreuth–Edlach","1"
"Millstatt","46,82295 13,60447","Wien","48,2066 16,37341","Directed","Millstatt–Wien","1"
"Wien","48,2066 16,37341","Pötzleinsdorf","48,246838181084 16,300034240016","Directed","Wien–Pötzleinsdorf","1"
"Sachsenburg","46,82171 13,30575","Bad Ischl","47,71109 13,61893","Directed","Sachsenburg–Bad Ischl","1"
"Bad Ischl","47,71109 13,61893","Insel Hiddensee","54,56689 13,10411","Directed","Bad Ischl–Insel Hiddensee","1"
"Prato Piazza","46,64949 12,18531","Edlach","47,69255 15,80915","Directed","Prato Piazza–Edlach","1"
"Marienbad","49,96115 12,72872","Welsberg-Taisten","46,75774 12,10556","Directed","Marienbad–Welsberg-Taisten","1"
"Velden am Wörthersee","46,61901 14,03129","Karersee","46,409167 11,575","Directed","Velden am Wörthersee–Karersee","1"
"Bad Ischl","47,71109 13,61893","Salzburg","47,80067 13,04532","Directed","Bad Ischl–Salzburg","1"
"Iselsberg","46,83806 12,84944","Wien","48,2066 16,37341","Directed","Iselsberg–Wien","1"
"Berlin","52,52437 13,41053","Blankenese","53,5652 9,7972","Directed","Berlin–Blankenese","1"
"Rodaun","48,132793312328 16,256152195922","Unbekannt","","Directed","Rodaun–Unbekannt","1"
"Bad Tölz","47,76111 11,5589","Salzburg","47,80067 13,04532","Directed","Bad Tölz–Salzburg","1"
"Matrei am Brenner","47,12852 11,45222","Rodaun","48,132793312328 16,256152195922","Directed","Matrei am Brenner–Rodaun","1"
"Hamburg","53,57532 10,01534","Brijuni","44,91417 13,76222","Directed","Hamburg–Brijuni","1"
"Sanremo","43,81725 7,7772","Wien","48,2066 16,37341","Directed","Sanremo–Wien","1"
"Gardone Riviera","45,62499 10,56527","Wien","48,2066 16,37341","Directed","Gardone Riviera–Wien","3"
"Schönberg im Stubaital","47,18333 11,41667","Wien","48,2066 16,37341","Directed","Schönberg im Stubaital–Wien","4"
"Welsberg-Taisten","46,75774 12,10556","Pörtschach","47,02251 14,47783","Directed","Welsberg-Taisten–Pörtschach","1"
"Seis am Schlern","46,54133 11,55868","Noordwijk","52,26953 4,46354","Directed","Seis am Schlern–Noordwijk","1"
"Wien","48,2066 16,37341","Berlin-Pankow","52,569167 13,403333","Directed","Wien–Berlin-Pankow","1"
"Ascona","46,15451 8,77327","Wien","48,2066 16,37341","Directed","Ascona–Wien","1"
"Varese","45,82908 8,82193","Wien","48,2066 16,37341","Directed","Varese–Wien","1"
"Cuxhaven","53,86828 8,69902","Wien","48,2066 16,37341","Directed","Cuxhaven–Wien","1"
"San Sebastian","43,31283 -1,97499","Wien","48,2066 16,37341","Directed","San Sebastian–Wien","1"
"Frankfurt am Main","50,11552 8,68417","Nürnberg","49,45421 11,07752","Directed","Frankfurt am Main–Nürnberg","1"
"Pontebba","46,5054 13,30622","Wien","48,2066 16,37341","Directed","Pontebba–Wien","1"
"Agrigento","37,31065 13,57661","Wien","48,2066 16,37341","Directed","Agrigento–Wien","1"
"Heiligenkreuz","48,04261 16,15292","Helsingør","56,03606 12,6136","Directed","Heiligenkreuz–Helsingør","1"
"Darmstadt","49,87167 8,65027","Wien","48,2066 16,37341","Directed","Darmstadt–Wien","1"
"Rodaun","48,132793312328 16,256152195922","Semmering","47,64224 15,8241","Directed","Rodaun–Semmering","1"
"Čáslav","49,91099 15,38972","Wien","48,2066 16,37341","Directed","Čáslav–Wien","2"
"Reichenau an der Rax","47,7 15,83333","Florenz","43,77925 11,24626","Directed","Reichenau an der Rax–Florenz","1"
"Garmisch-Partenkirchen","47,49209 11,09576","Wien","48,2066 16,37341","Directed","Garmisch-Partenkirchen–Wien","2"
"Skagen","57,72093 10,58394","Wien","48,2066 16,37341","Directed","Skagen–Wien","1"
"Bad Ischl","47,71109 13,61893","Brijuni","44,91417 13,76222","Directed","Bad Ischl–Brijuni","1"
"Riva del Garda","45,88576 10,84118","Bad Ischl","47,71109 13,61893","Directed","Riva del Garda–Bad Ischl","1"
"Wien","48,2066 16,37341","Bern","46,9489 7,4638","Directed","Wien–Bern","2"
"Wien","48,2066 16,37341","Blankenese","53,5652 9,7972","Directed","Wien–Blankenese","2"
"Lélex","46,30057 5,93838","Bad Ischl","47,71109 13,61893","Directed","Lélex–Bad Ischl","1"
"Stratford-upon-Avon","52,19166 -1,70734","Wien","48,2066 16,37341","Directed","Stratford-upon-Avon–Wien","1"
"Tutzing","47,90938 11,2803","Wien","48,2066 16,37341","Directed","Tutzing–Wien","1"
"München","48,13743 11,57549","Hodonín","48,84893 17,13244","Directed","München–Hodonín","1"
"Salzburg","47,80067 13,04532","München","48,13743 11,57549","Directed","Salzburg–München","1"
"Budapest","47,49835 19,04045","Unbekannt","","Directed","Budapest–Unbekannt","1"
"Garmisch-Partenkirchen","47,49209 11,09576","Bad Ischl","47,71109 13,61893","Directed","Garmisch-Partenkirchen–Bad Ischl","1"
"Helsingør","56,03606 12,6136","Rodaun","48,132793312328 16,256152195922","Directed","Helsingør–Rodaun","1"
"Venedig","45,43713 12,33265","Marienlyst","56,042028 12,601917","Directed","Venedig–Marienlyst","1"
"Unterach am Attersee","47,80494 13,48728","Altaussee","47,6698 13,78453","Directed","Unterach am Attersee–Altaussee","2"
"Halle (Saale)","51,48158 11,97947","III., Landstraße","48,19811 16,39482","Directed","Halle (Saale)–III., Landstraße","1"
"St. Gilgen","47,76667 13,36667","Jagniątków","50,816944 15,609444","Directed","St. Gilgen–Jagniątków","1"
"Yokohama","35,43333 139,65","Wien","48,2066 16,37341","Directed","Yokohama–Wien","2"
"Unterach am Attersee","47,80494 13,48728","Brijuni","44,91417 13,76222","Directed","Unterach am Attersee–Brijuni","2"
"München","48,13743 11,57549","IX., Alsergrund","48,22387 16,35641","Directed","München–IX., Alsergrund","1"
"Marienlyst","56,042028 12,601917","Rodaun","48,132793312328 16,256152195922","Directed","Marienlyst–Rodaun","1"
"Helsingør","56,03606 12,6136","Venedig","45,43713 12,33265","Directed","Helsingør–Venedig","1"
"Garda","45,57889 10,71763","Wien","48,2066 16,37341","Directed","Garda–Wien","1"
"Rüdesheim","49,9789 7,92442","Wien","48,2066 16,37341","Directed","Rüdesheim–Wien","1"
"Wien","48,2066 16,37341","Riva del Garda","45,88576 10,84118","Directed","Wien–Riva del Garda","1"
"Wien","48,2066 16,37341","Andorf","48,3713 13,57412","Directed","Wien–Andorf","1"
"Budapest","47,49835 19,04045","Opatija","45,33771 14,30515","Directed","Budapest–Opatija","1"
"Göttingen","51,53443 9,93228","Unbekannt","","Directed","Göttingen–Unbekannt","1"
"Wien","48,2066 16,37341","Sanremo","43,81725 7,7772","Directed","Wien–Sanremo","1"
"München","48,13743 11,57549","Bad Ischl","47,71109 13,61893","Directed","München–Bad Ischl","1"
"Brijuni","44,91417 13,76222","Hamburg","53,57532 10,01534","Directed","Brijuni–Hamburg","1"
"Cambridge","52,2 0,11667","Marienlyst","56,042028 12,601917","Directed","Cambridge–Marienlyst","1"
"Wien","48,2066 16,37341","Sankt Moritz","46,49937 9,84327","Directed","Wien–Sankt Moritz","1"
"Südtirol","46,71667 11,5","Wien","48,2066 16,37341","Directed","Südtirol–Wien","1"
"Trafoi","46,5517 10,50988","Wien","48,2066 16,37341","Directed","Trafoi–Wien","2"
"Brijuni","44,91417 13,76222","Sankt Moritz","46,49937 9,84327","Directed","Brijuni–Sankt Moritz","2"
"Wien","48,2066 16,37341","Trondheim","63,43049 10,39506","Directed","Wien–Trondheim","2"
"Gmunden","47,91839 13,79933","Bad Ischl","47,71109 13,61893","Directed","Gmunden–Bad Ischl","1"
"Wien","48,2066 16,37341","Schönberg im Stubaital","47,18333 11,41667","Directed","Wien–Schönberg im Stubaital","2"
"Pörtschach","47,02251 14,47783","Welsberg-Taisten","46,75774 12,10556","Directed","Pörtschach–Welsberg-Taisten","2"
"Unterach am Attersee","47,80494 13,48728","Tutzing","47,90938 11,2803","Directed","Unterach am Attersee–Tutzing","1"
"Konstanz","47,66033 9,17582","Berlin","52,52437 13,41053","Directed","Konstanz–Berlin","1"
"Monreale","38,08125 13,28947","Rodaun","48,132793312328 16,256152195922","Directed","Monreale–Rodaun","2"
"Hannover","52,37052 9,73322","Wien","48,2066 16,37341","Directed","Hannover–Wien","1"
"Peking","39,9075 116,39723","Wien","48,2066 16,37341","Directed","Peking–Wien","2"
"Rom","41,89193 12,51133","Rodaun","48,132793312328 16,256152195922","Directed","Rom–Rodaun","1"
"Basel","47,55839 7,57327","Wien","48,2066 16,37341","Directed","Basel–Wien","1"
"Hildesheim","52,15077 9,95112","Wien","48,2066 16,37341","Directed","Hildesheim–Wien","1"
"Wien","48,2066 16,37341","Opatija","45,33771 14,30515","Directed","Wien–Opatija","1"
"Öhningen","47,6667 8,9","Wien","48,2066 16,37341","Directed","Öhningen–Wien","1"
"Wien","48,2066 16,37341","III., Landstraße","48,19811 16,39482","Directed","Wien–III., Landstraße","2"
"Welsberg-Taisten","46,75774 12,10556","Berlin","52,52437 13,41053","Directed","Welsberg-Taisten–Berlin","1"
"St. Gilgen","47,76667 13,36667","Helsingør","56,03606 12,6136","Directed","St. Gilgen–Helsingør","1"
"Vahrn","46,73901 11,63749","Unbekannt","","Directed","Vahrn–Unbekannt","1"
"Pallanza","45,92298 8,55045","Seis am Schlern","46,54133 11,55868","Directed","Pallanza–Seis am Schlern","1"
"Dänemark","56,0 10,0","Wien","48,2066 16,37341","Directed","Dänemark–Wien","1"
"Sankt Moritz","46,49937 9,84327","Brijuni","44,91417 13,76222","Directed","Sankt Moritz–Brijuni","1"
"Schleb","49,88958 15,48853","Wien","48,2066 16,37341","Directed","Schleb–Wien","1"
"Sládkovičovo","48,203056 17,646944","Wien","48,2066 16,37341","Directed","Sládkovičovo–Wien","1"
"Wuppertal","51,25627 7,14816","Wien","48,2066 16,37341","Directed","Wuppertal–Wien","1"
"Braunwald","46,94159 8,99643","Wien","48,2066 16,37341","Directed","Braunwald–Wien","1"
"Pegli","44,42445 8,81213","Wien","48,2066 16,37341","Directed","Pegli–Wien","1"
"Bad Aussee","47,60998 13,78243","Berlin","52,52437 13,41053","Directed","Bad Aussee–Berlin","1"
"Wien","48,2066 16,37341","Pörtschach","47,02251 14,47783","Directed","Wien–Pörtschach","1"
"Florenz","43,77925 11,24626","Wiesbaden","50,08258 8,24932","Directed","Florenz–Wiesbaden","1"
"München","48,13743 11,57549","Brijuni","44,91417 13,76222","Directed","München–Brijuni","1"
"Venedig","45,43713 12,33265","Berlin","52,52437 13,41053","Directed","Venedig–Berlin","1"
"Spittal an der Drau","46,8 13,5","Berlin","52,52437 13,41053","Directed","Spittal an der Drau–Berlin","1"
"Gelbes Meer","35,0 123,0","Wien","48,2066 16,37341","Directed","Gelbes Meer–Wien","1"
"Öhningen","47,6667 8,9","Berlin","52,52437 13,41053","Directed","Öhningen–Berlin","1"
"Florenz","43,77925 11,24626","Berlin","52,52437 13,41053","Directed","Florenz–Berlin","1"
"Fredensborg","55,97558 12,40314","Rodaun","48,132793312328 16,256152195922","Directed","Fredensborg–Rodaun","1"
"Bad Ischl","47,71109 13,61893","Unterach am Attersee","47,80494 13,48728","Directed","Bad Ischl–Unterach am Attersee","1"
"Dahmsdorf","52,53193 14,10798","Wien","48,2066 16,37341","Directed","Dahmsdorf–Wien","1"
"Forte dei Marmi","43,96388 10,17478","Wien","48,2066 16,37341","Directed","Forte dei Marmi–Wien","1"
"Grundlsee (Gemeinde)","47,61667 13,81667","Berlin","52,52437 13,41053","Directed","Grundlsee (Gemeinde)–Berlin","1"
