Source,SID,Target,TID,Overallcount,Type,Label,Weight
"Marie Herzfeld","11666","Hugo von Hofmannsthal","11740","271","Directed","Marie Herzfeld–Hugo von Hofmannsthal","3"
"Marie Herzfeld","11666","Heinrich Schnitzler","12692","114","Directed","Marie Herzfeld–Heinrich Schnitzler","1"
"Marie Herzfeld","11666","Arthur Schnitzler","2121","39","Directed","Marie Herzfeld–Arthur Schnitzler","1"
"Marie Herzfeld","11666","Georg Brandes","10992","37","Directed","Marie Herzfeld–Georg Brandes","1"
"Marie Herzfeld","11666","Johann Schnitzler","12695","22","Directed","Marie Herzfeld–Johann Schnitzler","1"
"Karin Michaëlis","4408","Olga Schnitzler","2173","459","Directed","Karin Michaëlis–Olga Schnitzler","1"
"Karin Michaëlis","4408","Peter Nansen","2357","19","Directed","Karin Michaëlis–Peter Nansen","1"
"Therese Rie-Andro","4836","Johann Wolfgang von Goethe","11461","44","Directed","Therese Rie-Andro–Johann Wolfgang von Goethe","1"
"Therese Rie-Andro","4836","Josef Kainz","11851","22","Directed","Therese Rie-Andro–Josef Kainz","1"
"Therese Rie-Andro","4836","Johann Schnitzler","12695","22","Directed","Therese Rie-Andro–Johann Schnitzler","2"
"Therese Rie-Andro","4836","William Shakespeare","2412","19","Directed","Therese Rie-Andro–William Shakespeare","1"
"Therese Rie-Andro","4836","Friedrich Nietzsche","12358","11","Directed","Therese Rie-Andro–Friedrich Nietzsche","1"
"Ludwig Ganghofer","11402","Otto Brahm","10986","112","Directed","Ludwig Ganghofer–Otto Brahm","1"
"Ludwig Ganghofer","11402","Ludwig Fulda","11391","15","Directed","Ludwig Ganghofer–Ludwig Fulda","1"
"Adalbert Franz Seligmann","12769","Max Eugen Burckhard","11036","55","Directed","Adalbert Franz Seligmann–Max Eugen Burckhard","1"
"Adalbert Franz Seligmann","12769","William Shakespeare","2412","19","Directed","Adalbert Franz Seligmann–William Shakespeare","1"
"Robert Adam","12438","Olga Schnitzler","2173","459","Directed","Robert Adam–Olga Schnitzler","3"
"Robert Adam","12438","Heinrich Schnitzler","12692","114","Directed","Robert Adam–Heinrich Schnitzler","3"
"Robert Adam","12438","Frieda Pollak","22728","50","Directed","Robert Adam–Frieda Pollak","2"
"Robert Adam","12438","Lili Cappellini","2238","39","Directed","Robert Adam–Lili Cappellini","4"
"Robert Adam","12438","Friedrich Nietzsche","12358","11","Directed","Robert Adam–Friedrich Nietzsche","1"
"Robert Adam","12438","Albert Steinrück","12837","11","Directed","Robert Adam–Albert Steinrück","2"
"Peter Altenberg","2147","Olga Schnitzler","2173","459","Directed","Peter Altenberg–Olga Schnitzler","1"
"Peter Altenberg","2147","Richard Beer-Hofmann","10863","356","Directed","Peter Altenberg–Richard Beer-Hofmann","2"
"Peter Altenberg","2147","Hugo von Hofmannsthal","11740","271","Directed","Peter Altenberg–Hugo von Hofmannsthal","2"
"Peter Altenberg","2147","Hermann Bahr","10815","208","Directed","Peter Altenberg–Hermann Bahr","1"
"Peter Altenberg","2147","Gustav Schwarzkopf","12740","87","Directed","Peter Altenberg–Gustav Schwarzkopf","1"
"Peter Altenberg","2147","Gerhart Hauptmann","11617","37","Directed","Peter Altenberg–Gerhart Hauptmann","2"
"Peter Altenberg","2147","Karl Kraus","11988","27","Directed","Peter Altenberg–Karl Kraus","1"
"Peter Altenberg","2147","Leo Ebermann","2157","10","Directed","Peter Altenberg–Leo Ebermann","1"
"Lou Andreas-Salomé","10762","Olga Schnitzler","2173","459","Directed","Lou Andreas-Salomé–Olga Schnitzler","1"
"Lou Andreas-Salomé","10762","Richard Beer-Hofmann","10863","356","Directed","Lou Andreas-Salomé–Richard Beer-Hofmann","1"
"Lou Andreas-Salomé","10762","Paul Goldmann","11485","157","Directed","Lou Andreas-Salomé–Paul Goldmann","3"
"Lou Andreas-Salomé","10762","Otto Brahm","10986","112","Directed","Lou Andreas-Salomé–Otto Brahm","1"
"Lou Andreas-Salomé","10762","Fedor Mamroth","4986","77","Directed","Lou Andreas-Salomé–Fedor Mamroth","1"
"Lou Andreas-Salomé","10762","Georg Brandes","10992","37","Directed","Lou Andreas-Salomé–Georg Brandes","1"
"Lou Andreas-Salomé","10762","Gerhart Hauptmann","11617","37","Directed","Lou Andreas-Salomé–Gerhart Hauptmann","2"
"Hermann Bahr","10815","Olga Schnitzler","2173","459","Directed","Hermann Bahr–Olga Schnitzler","104"
"Hermann Bahr","10815","Richard Beer-Hofmann","10863","356","Directed","Hermann Bahr–Richard Beer-Hofmann","11"
"Hermann Bahr","10815","Hugo von Hofmannsthal","11740","271","Directed","Hermann Bahr–Hugo von Hofmannsthal","19"
"Hermann Bahr","10815","Paul Goldmann","11485","157","Directed","Hermann Bahr–Paul Goldmann","2"
"Hermann Bahr","10815","Felix Salten","2167","130","Directed","Hermann Bahr–Felix Salten","12"
"Hermann Bahr","10815","Heinrich Schnitzler","12692","114","Directed","Hermann Bahr–Heinrich Schnitzler","12"
"Hermann Bahr","10815","Otto Brahm","10986","112","Directed","Hermann Bahr–Otto Brahm","15"
"Hermann Bahr","10815","Louise Schnitzler","12701","76","Directed","Hermann Bahr–Louise Schnitzler","1"
"Hermann Bahr","10815","Heinrich Kanner","11867","75","Directed","Hermann Bahr–Heinrich Kanner","39"
"Hermann Bahr","10815","Isidor Singer","12790","64","Directed","Hermann Bahr–Isidor Singer","40"
"Hermann Bahr","10815","Marie Reinhard","2378","59","Directed","Hermann Bahr–Marie Reinhard","1"
"Hermann Bahr","10815","Gertrude von Hofmannsthal","2292","55","Directed","Hermann Bahr–Gertrude von Hofmannsthal","1"
"Hermann Bahr","10815","Max Eugen Burckhard","11036","55","Directed","Hermann Bahr–Max Eugen Burckhard","14"
"Hermann Bahr","10815","Samuel Fischer","11324","50","Directed","Hermann Bahr–Samuel Fischer","7"
"Hermann Bahr","10815","Frieda Pollak","22728","50","Directed","Hermann Bahr–Frieda Pollak","1"
"Hermann Bahr","10815","Julius Schnitzler","12698","45","Directed","Hermann Bahr–Julius Schnitzler","5"
"Hermann Bahr","10815","Johann Wolfgang von Goethe","11461","44","Directed","Hermann Bahr–Johann Wolfgang von Goethe","1"
"Hermann Bahr","10815","Elisabeth Steinrück","2315","43","Directed","Hermann Bahr–Elisabeth Steinrück","1"
"Hermann Bahr","10815","Paul Schlenther","12671","43","Directed","Hermann Bahr–Paul Schlenther","2"
"Hermann Bahr","10815","Georg Hirschfeld","11701","40","Directed","Hermann Bahr–Georg Hirschfeld","2"
"Hermann Bahr","10815","Arthur Schnitzler","2121","39","Directed","Hermann Bahr–Arthur Schnitzler","3"
"Hermann Bahr","10815","Lili Cappellini","2238","39","Directed","Hermann Bahr–Lili Cappellini","4"
"Hermann Bahr","10815","Adele Sandrock","12618","39","Directed","Hermann Bahr–Adele Sandrock","3"
"Hermann Bahr","10815","Leo Van-Jung","26392","39","Directed","Hermann Bahr–Leo Van-Jung","1"
"Hermann Bahr","10815","Georg Brandes","10992","37","Directed","Hermann Bahr–Georg Brandes","1"
"Hermann Bahr","10815","Max Reinhardt","12504","37","Directed","Hermann Bahr–Max Reinhardt","12"
"Hermann Bahr","10815","Peter Altenberg","2147","36","Directed","Hermann Bahr–Peter Altenberg","9"
"Hermann Bahr","10815","Leopold von Andrian-Werburg","10765","32","Directed","Hermann Bahr–Leopold von Andrian-Werburg","4"
"Hermann Bahr","10815","Anna Bahr-Mildenburg","10818","31","Directed","Hermann Bahr–Anna Bahr-Mildenburg","30"
"Hermann Bahr","10815","Karl Kraus","11988","27","Directed","Hermann Bahr–Karl Kraus","2"
"Hermann Bahr","10815","Josef Kainz","11851","22","Directed","Hermann Bahr–Josef Kainz","1"
"Hermann Bahr","10815","Maximilian Harden","11581","20","Directed","Hermann Bahr–Maximilian Harden","1"
"Hermann Bahr","10815","Peter Nansen","2357","19","Directed","Hermann Bahr–Peter Nansen","1"
"Hermann Bahr","10815","Emanuel Reicher","12491","18","Directed","Hermann Bahr–Emanuel Reicher","3"
"Hermann Bahr","10815","Alfred von Berger","10883","17","Directed","Hermann Bahr–Alfred von Berger","4"
"Hermann Bahr","10815","Hermann Sudermann","12899","17","Directed","Hermann Bahr–Hermann Sudermann","1"
"Hermann Bahr","10815","Friedrich Mitterwurzer","12265","16","Directed","Hermann Bahr–Friedrich Mitterwurzer","2"
"Hermann Bahr","10815","Siegfried Trebitsch","12968","16","Directed","Hermann Bahr–Siegfried Trebitsch","4"
"Hermann Bahr","10815","André Antoine","2211","15","Directed","Hermann Bahr–André Antoine","2"
"Hermann Bahr","10815","Ludwig Fulda","11391","15","Directed","Hermann Bahr–Ludwig Fulda","1"
"Hermann Bahr","10815","Irene Triesch","12977","15","Directed","Hermann Bahr–Irene Triesch","1"
"Hermann Bahr","10815","Julius Bauer","2150","14","Directed","Hermann Bahr–Julius Bauer","1"
"Hermann Bahr","10815","Markus Hajek","2284","14","Directed","Hermann Bahr–Markus Hajek","1"
"Hermann Bahr","10815","Agnes Sorma","2299","12","Directed","Hermann Bahr–Agnes Sorma","1"
"Hermann Bahr","10815","Gilbert Otto Neumann-Hofer","12348","12","Directed","Hermann Bahr–Gilbert Otto Neumann-Hofer","4"
"Hermann Bahr","10815","Ludwig Speidel","12816","12","Directed","Hermann Bahr–Ludwig Speidel","1"
"Hermann Bahr","10815","Emerich von Bukovics","2161","11","Directed","Hermann Bahr–Emerich von Bukovics","9"
"Hermann Bahr","10815","Leo Ebermann","2157","10","Directed","Hermann Bahr–Leo Ebermann","1"
"Richard Beer-Hofmann","10863","Olga Schnitzler","2173","459","Directed","Richard Beer-Hofmann–Olga Schnitzler","68"
"Richard Beer-Hofmann","10863","Hugo von Hofmannsthal","11740","271","Directed","Richard Beer-Hofmann–Hugo von Hofmannsthal","124"
"Richard Beer-Hofmann","10863","Hermann Bahr","10815","208","Directed","Richard Beer-Hofmann–Hermann Bahr","33"
"Richard Beer-Hofmann","10863","Paul Goldmann","11485","157","Directed","Richard Beer-Hofmann–Paul Goldmann","69"
"Richard Beer-Hofmann","10863","Felix Salten","2167","130","Directed","Richard Beer-Hofmann–Felix Salten","50"
"Richard Beer-Hofmann","10863","Paula Beer-Hofmann","10860","121","Directed","Richard Beer-Hofmann–Paula Beer-Hofmann","103"
"Richard Beer-Hofmann","10863","Heinrich Schnitzler","12692","114","Directed","Richard Beer-Hofmann–Heinrich Schnitzler","19"
"Richard Beer-Hofmann","10863","Otto Brahm","10986","112","Directed","Richard Beer-Hofmann–Otto Brahm","18"
"Richard Beer-Hofmann","10863","Gustav Schwarzkopf","12740","87","Directed","Richard Beer-Hofmann–Gustav Schwarzkopf","45"
"Richard Beer-Hofmann","10863","Fedor Mamroth","4986","77","Directed","Richard Beer-Hofmann–Fedor Mamroth","4"
"Richard Beer-Hofmann","10863","Louise Schnitzler","12701","76","Directed","Richard Beer-Hofmann–Louise Schnitzler","22"
"Richard Beer-Hofmann","10863","Heinrich Kanner","11867","75","Directed","Richard Beer-Hofmann–Heinrich Kanner","1"
"Richard Beer-Hofmann","10863","Isidor Singer","12790","64","Directed","Richard Beer-Hofmann–Isidor Singer","2"
"Richard Beer-Hofmann","10863","Marie Reinhard","2378","59","Directed","Richard Beer-Hofmann–Marie Reinhard","4"
"Richard Beer-Hofmann","10863","Gertrude von Hofmannsthal","2292","55","Directed","Richard Beer-Hofmann–Gertrude von Hofmannsthal","4"
"Richard Beer-Hofmann","10863","Max Eugen Burckhard","11036","55","Directed","Richard Beer-Hofmann–Max Eugen Burckhard","12"
"Richard Beer-Hofmann","10863","Samuel Fischer","11324","50","Directed","Richard Beer-Hofmann–Samuel Fischer","10"
"Richard Beer-Hofmann","10863","Theodor Herzl","11673","50","Directed","Richard Beer-Hofmann–Theodor Herzl","3"
"Richard Beer-Hofmann","10863","Alfred Kerr","11910","50","Directed","Richard Beer-Hofmann–Alfred Kerr","11"
"Richard Beer-Hofmann","10863","Frieda Pollak","22728","50","Directed","Richard Beer-Hofmann–Frieda Pollak","3"
"Richard Beer-Hofmann","10863","Julius Schnitzler","12698","45","Directed","Richard Beer-Hofmann–Julius Schnitzler","9"
"Richard Beer-Hofmann","10863","Johann Wolfgang von Goethe","11461","44","Directed","Richard Beer-Hofmann–Johann Wolfgang von Goethe","2"
"Richard Beer-Hofmann","10863","Elisabeth Steinrück","2315","43","Directed","Richard Beer-Hofmann–Elisabeth Steinrück","9"
"Richard Beer-Hofmann","10863","Paul Schlenther","12671","43","Directed","Richard Beer-Hofmann–Paul Schlenther","8"
"Richard Beer-Hofmann","10863","Jakob Wassermann","13055","42","Directed","Richard Beer-Hofmann–Jakob Wassermann","6"
"Richard Beer-Hofmann","10863","Georg Hirschfeld","11701","40","Directed","Richard Beer-Hofmann–Georg Hirschfeld","12"
"Richard Beer-Hofmann","10863","Arthur Schnitzler","2121","39","Directed","Richard Beer-Hofmann–Arthur Schnitzler","5"
"Richard Beer-Hofmann","10863","Lili Cappellini","2238","39","Directed","Richard Beer-Hofmann–Lili Cappellini","9"
"Richard Beer-Hofmann","10863","Adele Sandrock","12618","39","Directed","Richard Beer-Hofmann–Adele Sandrock","11"
"Richard Beer-Hofmann","10863","Leo Van-Jung","26392","39","Directed","Richard Beer-Hofmann–Leo Van-Jung","18"
"Richard Beer-Hofmann","10863","Georg Brandes","10992","37","Directed","Richard Beer-Hofmann–Georg Brandes","8"
"Richard Beer-Hofmann","10863","Gerhart Hauptmann","11617","37","Directed","Richard Beer-Hofmann–Gerhart Hauptmann","2"
"Richard Beer-Hofmann","10863","Max Reinhardt","12504","37","Directed","Richard Beer-Hofmann–Max Reinhardt","14"
"Richard Beer-Hofmann","10863","Peter Altenberg","2147","36","Directed","Richard Beer-Hofmann–Peter Altenberg","4"
"Richard Beer-Hofmann","10863","Marie Glümer","14953","35","Directed","Richard Beer-Hofmann–Marie Glümer","2"
"Richard Beer-Hofmann","10863","Clementine Goldmann","17163","35","Directed","Richard Beer-Hofmann–Clementine Goldmann","1"
"Richard Beer-Hofmann","10863","Leopold von Andrian-Werburg","10765","32","Directed","Richard Beer-Hofmann–Leopold von Andrian-Werburg","8"
"Richard Beer-Hofmann","10863","Hugo August von Hofmannsthal","11737","31","Directed","Richard Beer-Hofmann–Hugo August von Hofmannsthal","1"
"Richard Beer-Hofmann","10863","Friedrich Michael Fels","2450","28","Directed","Richard Beer-Hofmann–Friedrich Michael Fels","12"
"Richard Beer-Hofmann","10863","Karl Kraus","11988","27","Directed","Richard Beer-Hofmann–Karl Kraus","8"
"Richard Beer-Hofmann","10863","Robert Hirschfeld","11707","26","Directed","Richard Beer-Hofmann–Robert Hirschfeld","5"
"Richard Beer-Hofmann","10863","Lou Andreas-Salomé","10762","25","Directed","Richard Beer-Hofmann–Lou Andreas-Salomé","9"
"Richard Beer-Hofmann","10863","Mirjam Beer-Hofmann","2668","24","Directed","Richard Beer-Hofmann–Mirjam Beer-Hofmann","14"
"Richard Beer-Hofmann","10863","Julius von Gans-Ludassy","11406","22","Directed","Richard Beer-Hofmann–Julius von Gans-Ludassy","3"
"Richard Beer-Hofmann","10863","Josef Kainz","11851","22","Directed","Richard Beer-Hofmann–Josef Kainz","4"
"Richard Beer-Hofmann","10863","Johann Schnitzler","12695","22","Directed","Richard Beer-Hofmann–Johann Schnitzler","7"
"Richard Beer-Hofmann","10863","Maximilian Harden","11581","20","Directed","Richard Beer-Hofmann–Maximilian Harden","1"
"Richard Beer-Hofmann","10863","William Shakespeare","2412","19","Directed","Richard Beer-Hofmann–William Shakespeare","1"
"Richard Beer-Hofmann","10863","Arthur Kaufmann","2496","18","Directed","Richard Beer-Hofmann–Arthur Kaufmann","14"
"Richard Beer-Hofmann","10863","Emanuel Reicher","12491","18","Directed","Richard Beer-Hofmann–Emanuel Reicher","2"
"Richard Beer-Hofmann","10863","Gisela Hajek","2461","17","Directed","Richard Beer-Hofmann–Gisela Hajek","3"
"Richard Beer-Hofmann","10863","Josef Jarno","2601","17","Directed","Richard Beer-Hofmann–Josef Jarno","10"
"Richard Beer-Hofmann","10863","Alfred von Berger","10883","17","Directed","Richard Beer-Hofmann–Alfred von Berger","3"
"Richard Beer-Hofmann","10863","Hermann Sudermann","12899","17","Directed","Richard Beer-Hofmann–Hermann Sudermann","4"
"Richard Beer-Hofmann","10863","Paul Horn","18523","17","Directed","Richard Beer-Hofmann–Paul Horn","11"
"Richard Beer-Hofmann","10863","Friedrich Mitterwurzer","12265","16","Directed","Richard Beer-Hofmann–Friedrich Mitterwurzer","3"
"Richard Beer-Hofmann","10863","Siegfried Trebitsch","12968","16","Directed","Richard Beer-Hofmann–Siegfried Trebitsch","3"
"Richard Beer-Hofmann","10863","Rudolf Lothar","2570","15","Directed","Richard Beer-Hofmann–Rudolf Lothar","2"
"Richard Beer-Hofmann","10863","Julius Bauer","2150","14","Directed","Richard Beer-Hofmann–Julius Bauer","4"
"Richard Beer-Hofmann","10863","Markus Hajek","2284","14","Directed","Richard Beer-Hofmann–Markus Hajek","4"
"Richard Beer-Hofmann","10863","Richard Specht","2456","14","Directed","Richard Beer-Hofmann–Richard Specht","3"
"Richard Beer-Hofmann","10863","Oskar Blumenthal","14328","14","Directed","Richard Beer-Hofmann–Oskar Blumenthal","4"
"Richard Beer-Hofmann","10863","Hermine von Schaffgotsch","24033","14","Directed","Richard Beer-Hofmann–Hermine von Schaffgotsch","3"
"Richard Beer-Hofmann","10863","Helene Schnitzler","24423","14","Directed","Richard Beer-Hofmann–Helene Schnitzler","4"
"Richard Beer-Hofmann","10863","Friedrich von Schiller","12654","13","Directed","Richard Beer-Hofmann–Friedrich von Schiller","1"
"Richard Beer-Hofmann","10863","Hermann Beer","13913","13","Directed","Richard Beer-Hofmann–Hermann Beer","12"
"Richard Beer-Hofmann","10863","Agnes Sorma","2299","12","Directed","Richard Beer-Hofmann–Agnes Sorma","2"
"Richard Beer-Hofmann","10863","Felix Dörmann","2425","12","Directed","Richard Beer-Hofmann–Felix Dörmann","5"
"Richard Beer-Hofmann","10863","Raoul Auernheimer","10788","12","Directed","Richard Beer-Hofmann–Raoul Auernheimer","1"
"Richard Beer-Hofmann","10863","Ludwig Speidel","12816","12","Directed","Richard Beer-Hofmann–Ludwig Speidel","2"
"Richard Beer-Hofmann","10863","Friedrich Kapper","19106","12","Directed","Richard Beer-Hofmann–Friedrich Kapper","2"
"Richard Beer-Hofmann","10863","Oskar Mayer","21236","12","Directed","Richard Beer-Hofmann–Oskar Mayer","9"
"Richard Beer-Hofmann","10863","Oskar Bie","2914","11","Directed","Richard Beer-Hofmann–Oskar Bie","1"
"Richard Beer-Hofmann","10863","Paul Lindau","12078","11","Directed","Richard Beer-Hofmann–Paul Lindau","1"
"Richard Beer-Hofmann","10863","Albert Steinrück","12837","11","Directed","Richard Beer-Hofmann–Albert Steinrück","3"
"Richard Beer-Hofmann","10863","Bertha Flegmann","16312","11","Directed","Richard Beer-Hofmann–Bertha Flegmann","10"
"Richard Beer-Hofmann","10863","Leo Ebermann","2157","10","Directed","Richard Beer-Hofmann–Leo Ebermann","4"
"Richard Beer-Hofmann","10863","Jakob Julius David","2416","10","Directed","Richard Beer-Hofmann–Jakob Julius David","1"
"Richard Beer-Hofmann","10863","Eduard Michael Kafka","2563","10","Directed","Richard Beer-Hofmann–Eduard Michael Kafka","3"
"Oskar Blumenthal","14328","Emanuel Reicher","12491","18","Directed","Oskar Blumenthal–Emanuel Reicher","2"
"Oskar Blumenthal","14328","Friedrich Mitterwurzer","12265","16","Directed","Oskar Blumenthal–Friedrich Mitterwurzer","2"
"Georg Brandes","10992","Olga Schnitzler","2173","459","Directed","Georg Brandes–Olga Schnitzler","22"
"Georg Brandes","10992","Richard Beer-Hofmann","10863","356","Directed","Georg Brandes–Richard Beer-Hofmann","28"
"Georg Brandes","10992","Hugo von Hofmannsthal","11740","271","Directed","Georg Brandes–Hugo von Hofmannsthal","5"
"Georg Brandes","10992","Hermann Bahr","10815","208","Directed","Georg Brandes–Hermann Bahr","1"
"Georg Brandes","10992","Paul Goldmann","11485","157","Directed","Georg Brandes–Paul Goldmann","10"
"Georg Brandes","10992","Felix Salten","2167","130","Directed","Georg Brandes–Felix Salten","2"
"Georg Brandes","10992","Paula Beer-Hofmann","10860","121","Directed","Georg Brandes–Paula Beer-Hofmann","3"
"Georg Brandes","10992","Heinrich Schnitzler","12692","114","Directed","Georg Brandes–Heinrich Schnitzler","12"
"Georg Brandes","10992","Otto Brahm","10986","112","Directed","Georg Brandes–Otto Brahm","2"
"Georg Brandes","10992","Louise Schnitzler","12701","76","Directed","Georg Brandes–Louise Schnitzler","6"
"Georg Brandes","10992","Marie Reinhard","2378","59","Directed","Georg Brandes–Marie Reinhard","1"
"Georg Brandes","10992","Johann Wolfgang von Goethe","11461","44","Directed","Georg Brandes–Johann Wolfgang von Goethe","12"
"Georg Brandes","10992","Elisabeth Steinrück","2315","43","Directed","Georg Brandes–Elisabeth Steinrück","1"
"Georg Brandes","10992","Paul Schlenther","12671","43","Directed","Georg Brandes–Paul Schlenther","1"
"Georg Brandes","10992","Jakob Wassermann","13055","42","Directed","Georg Brandes–Jakob Wassermann","5"
"Georg Brandes","10992","Georg Hirschfeld","11701","40","Directed","Georg Brandes–Georg Hirschfeld","1"
"Georg Brandes","10992","Lili Cappellini","2238","39","Directed","Georg Brandes–Lili Cappellini","8"
"Georg Brandes","10992","Peter Altenberg","2147","36","Directed","Georg Brandes–Peter Altenberg","1"
"Georg Brandes","10992","Mirjam Beer-Hofmann","2668","24","Directed","Georg Brandes–Mirjam Beer-Hofmann","3"
"Georg Brandes","10992","Johann Schnitzler","12695","22","Directed","Georg Brandes–Johann Schnitzler","1"
"Georg Brandes","10992","Peter Nansen","2357","19","Directed","Georg Brandes–Peter Nansen","8"
"Georg Brandes","10992","William Shakespeare","2412","19","Directed","Georg Brandes–William Shakespeare","7"
"Georg Brandes","10992","Emanuel Reicher","12491","18","Directed","Georg Brandes–Emanuel Reicher","1"
"Georg Brandes","10992","Gisela Hajek","2461","17","Directed","Georg Brandes–Gisela Hajek","1"
"Georg Brandes","10992","Josef Jarno","2601","17","Directed","Georg Brandes–Josef Jarno","1"
"Georg Brandes","10992","Alfred von Berger","10883","17","Directed","Georg Brandes–Alfred von Berger","1"
"Georg Brandes","10992","André Antoine","2211","15","Directed","Georg Brandes–André Antoine","3"
"Georg Brandes","10992","Ludwig Fulda","11391","15","Directed","Georg Brandes–Ludwig Fulda","2"
"Georg Brandes","10992","Markus Hajek","2284","14","Directed","Georg Brandes–Markus Hajek","1"
"Georg Brandes","10992","Friedrich von Schiller","12654","13","Directed","Georg Brandes–Friedrich von Schiller","1"
"Georg Brandes","10992","Agnes Sorma","2299","12","Directed","Georg Brandes–Agnes Sorma","1"
"Felix Braun","11002","Olga Schnitzler","2173","459","Directed","Felix Braun–Olga Schnitzler","1"
"Felix Braun","11002","Johann Wolfgang von Goethe","11461","44","Directed","Felix Braun–Johann Wolfgang von Goethe","1"
"Max Eugen Burckhard","11036","Olga Schnitzler","2173","459","Directed","Max Eugen Burckhard–Olga Schnitzler","11"
"Max Eugen Burckhard","11036","Heinrich Schnitzler","12692","114","Directed","Max Eugen Burckhard–Heinrich Schnitzler","2"
"Max Eugen Burckhard","11036","Otto Brahm","10986","112","Directed","Max Eugen Burckhard–Otto Brahm","1"
"Max Eugen Burckhard","11036","Louise Schnitzler","12701","76","Directed","Max Eugen Burckhard–Louise Schnitzler","1"
"Max Eugen Burckhard","11036","Gerhart Hauptmann","11617","37","Directed","Max Eugen Burckhard–Gerhart Hauptmann","1"
"Max Eugen Burckhard","11036","Agnes Sorma","2299","12","Directed","Max Eugen Burckhard–Agnes Sorma","1"
"Wilhelm Bölsche","11061","Otto Brahm","10986","112","Directed","Wilhelm Bölsche–Otto Brahm","2"
"Wilhelm Bölsche","11061","Samuel Fischer","11324","50","Directed","Wilhelm Bölsche–Samuel Fischer","1"
"Jakob Julius David","2416","Gilbert Otto Neumann-Hofer","12348","12","Directed","Jakob Julius David–Gilbert Otto Neumann-Hofer","1"
"Richard Dehmel","11148","Olga Schnitzler","2173","459","Directed","Richard Dehmel–Olga Schnitzler","2"
"Richard Dehmel","11148","Samuel Fischer","11324","50","Directed","Richard Dehmel–Samuel Fischer","1"
"Richard Dehmel","11148","Paul Schlenther","12671","43","Directed","Richard Dehmel–Paul Schlenther","1"
"Richard Dehmel","11148","Jakob Wassermann","13055","42","Directed","Richard Dehmel–Jakob Wassermann","1"
"Albert Ehrenstein","11230","Olga Schnitzler","2173","459","Directed","Albert Ehrenstein–Olga Schnitzler","2"
"Albert Ehrenstein","11230","Hugo von Hofmannsthal","11740","271","Directed","Albert Ehrenstein–Hugo von Hofmannsthal","1"
"Albert Ehrenstein","11230","Samuel Fischer","11324","50","Directed","Albert Ehrenstein–Samuel Fischer","3"
"Albert Ehrenstein","11230","Johann Wolfgang von Goethe","11461","44","Directed","Albert Ehrenstein–Johann Wolfgang von Goethe","1"
"Albert Ehrenstein","11230","Peter Altenberg","2147","36","Directed","Albert Ehrenstein–Peter Altenberg","1"
"Albert Ehrenstein","11230","Karl Kraus","11988","27","Directed","Albert Ehrenstein–Karl Kraus","4"
"Albert Ehrenstein","11230","William Shakespeare","2412","19","Directed","Albert Ehrenstein–William Shakespeare","1"
"Albert Ehrenstein","11230","Friedrich von Schiller","12654","13","Directed","Albert Ehrenstein–Friedrich von Schiller","1"
"Albert Ehrenstein","11230","Raoul Auernheimer","10788","12","Directed","Albert Ehrenstein–Raoul Auernheimer","7"
"Albert Ehrenstein","11230","Oskar Bie","2914","11","Directed","Albert Ehrenstein–Oskar Bie","5"
"Friedrich M. Fels","2450","Richard Beer-Hofmann","10863","356","Directed","Friedrich M. Fels–Richard Beer-Hofmann","10"
"Friedrich M. Fels","2450","Hugo von Hofmannsthal","11740","271","Directed","Friedrich M. Fels–Hugo von Hofmannsthal","7"
"Friedrich M. Fels","2450","Hermann Bahr","10815","208","Directed","Friedrich M. Fels–Hermann Bahr","2"
"Friedrich M. Fels","2450","Felix Salten","2167","130","Directed","Friedrich M. Fels–Felix Salten","3"
"Friedrich M. Fels","2450","Peter Altenberg","2147","36","Directed","Friedrich M. Fels–Peter Altenberg","1"
"Friedrich M. Fels","2450","Karl Kraus","11988","27","Directed","Friedrich M. Fels–Karl Kraus","1"
"Friedrich M. Fels","2450","Robert Hirschfeld","11707","26","Directed","Friedrich M. Fels–Robert Hirschfeld","3"
"Friedrich M. Fels","2450","Julius von Gans-Ludassy","11406","22","Directed","Friedrich M. Fels–Julius von Gans-Ludassy","3"
"Friedrich M. Fels","2450","Gilbert Otto Neumann-Hofer","12348","12","Directed","Friedrich M. Fels–Gilbert Otto Neumann-Hofer","1"
"Friedrich M. Fels","2450","Ludwig Speidel","12816","12","Directed","Friedrich M. Fels–Ludwig Speidel","1"
"Friedrich M. Fels","2450","Friedrich Nietzsche","12358","11","Directed","Friedrich M. Fels–Friedrich Nietzsche","1"
"Friedrich M. Fels","2450","Jakob Julius David","2416","10","Directed","Friedrich M. Fels–Jakob Julius David","4"
"Friedrich M. Fels","2450","Eduard Michael Kafka","2563","10","Directed","Friedrich M. Fels–Eduard Michael Kafka","1"
"Stefan Grossmann","11527","Felix Salten","2167","130","Directed","Stefan Grossmann–Felix Salten","1"
"Stefan Grossmann","11527","Otto Brahm","10986","112","Directed","Stefan Grossmann–Otto Brahm","1"
"Stefan Grossmann","11527","Samuel Fischer","11324","50","Directed","Stefan Grossmann–Samuel Fischer","2"
"Stefan Grossmann","11527","Karl Kraus","11988","27","Directed","Stefan Grossmann–Karl Kraus","1"
"Stefan Grossmann","11527","Robert Hirschfeld","11707","26","Directed","Stefan Grossmann–Robert Hirschfeld","1"
"Stefan Grossmann","11527","Maximilian Harden","11581","20","Directed","Stefan Grossmann–Maximilian Harden","2"
"Stefan Grossmann","11527","Albert Ehrenstein","11230","11","Directed","Stefan Grossmann–Albert Ehrenstein","3"
"Stefan Grossmann","11527","Albert Steinrück","12837","11","Directed","Stefan Grossmann–Albert Steinrück","1"
"Gerhart Hauptmann","11617","Hugo von Hofmannsthal","11740","271","Directed","Gerhart Hauptmann–Hugo von Hofmannsthal","2"
"Gerhart Hauptmann","11617","Hermann Bahr","10815","208","Directed","Gerhart Hauptmann–Hermann Bahr","1"
"Gerhart Hauptmann","11617","Otto Brahm","10986","112","Directed","Gerhart Hauptmann–Otto Brahm","3"
"Gerhart Hauptmann","11617","Isidor Singer","12790","64","Directed","Gerhart Hauptmann–Isidor Singer","2"
"Gerhart Hauptmann","11617","Max Eugen Burckhard","11036","55","Directed","Gerhart Hauptmann–Max Eugen Burckhard","1"
"Gerhart Hauptmann","11617","Samuel Fischer","11324","50","Directed","Gerhart Hauptmann–Samuel Fischer","1"
"Hugo von Hofmannsthal","11740","Olga Schnitzler","2173","459","Directed","Hugo von Hofmannsthal–Olga Schnitzler","59"
"Hugo von Hofmannsthal","11740","Richard Beer-Hofmann","10863","356","Directed","Hugo von Hofmannsthal–Richard Beer-Hofmann","127"
"Hugo von Hofmannsthal","11740","Hermann Bahr","10815","208","Directed","Hugo von Hofmannsthal–Hermann Bahr","49"
"Hugo von Hofmannsthal","11740","Paul Goldmann","11485","157","Directed","Hugo von Hofmannsthal–Paul Goldmann","32"
"Hugo von Hofmannsthal","11740","Felix Salten","2167","130","Directed","Hugo von Hofmannsthal–Felix Salten","36"
"Hugo von Hofmannsthal","11740","Paula Beer-Hofmann","10860","121","Directed","Hugo von Hofmannsthal–Paula Beer-Hofmann","6"
"Hugo von Hofmannsthal","11740","Heinrich Schnitzler","12692","114","Directed","Hugo von Hofmannsthal–Heinrich Schnitzler","17"
"Hugo von Hofmannsthal","11740","Otto Brahm","10986","112","Directed","Hugo von Hofmannsthal–Otto Brahm","34"
"Hugo von Hofmannsthal","11740","Gustav Schwarzkopf","12740","87","Directed","Hugo von Hofmannsthal–Gustav Schwarzkopf","23"
"Hugo von Hofmannsthal","11740","Ottilie Salten","23918","87","Directed","Hugo von Hofmannsthal–Ottilie Salten","1"
"Hugo von Hofmannsthal","11740","Fedor Mamroth","4986","77","Directed","Hugo von Hofmannsthal–Fedor Mamroth","2"
"Hugo von Hofmannsthal","11740","Louise Schnitzler","12701","76","Directed","Hugo von Hofmannsthal–Louise Schnitzler","11"
"Hugo von Hofmannsthal","11740","Heinrich Kanner","11867","75","Directed","Hugo von Hofmannsthal–Heinrich Kanner","2"
"Hugo von Hofmannsthal","11740","Isidor Singer","12790","64","Directed","Hugo von Hofmannsthal–Isidor Singer","2"
"Hugo von Hofmannsthal","11740","Marie Reinhard","2378","59","Directed","Hugo von Hofmannsthal–Marie Reinhard","10"
"Hugo von Hofmannsthal","11740","Gertrude von Hofmannsthal","2292","55","Directed","Hugo von Hofmannsthal–Gertrude von Hofmannsthal","50"
"Hugo von Hofmannsthal","11740","Max Eugen Burckhard","11036","55","Directed","Hugo von Hofmannsthal–Max Eugen Burckhard","6"
"Hugo von Hofmannsthal","11740","Samuel Fischer","11324","50","Directed","Hugo von Hofmannsthal–Samuel Fischer","11"
"Hugo von Hofmannsthal","11740","Theodor Herzl","11673","50","Directed","Hugo von Hofmannsthal–Theodor Herzl","3"
"Hugo von Hofmannsthal","11740","Alfred Kerr","11910","50","Directed","Hugo von Hofmannsthal–Alfred Kerr","2"
"Hugo von Hofmannsthal","11740","Frieda Pollak","22728","50","Directed","Hugo von Hofmannsthal–Frieda Pollak","28"
"Hugo von Hofmannsthal","11740","Julius Schnitzler","12698","45","Directed","Hugo von Hofmannsthal–Julius Schnitzler","8"
"Hugo von Hofmannsthal","11740","Johann Wolfgang von Goethe","11461","44","Directed","Hugo von Hofmannsthal–Johann Wolfgang von Goethe","13"
"Hugo von Hofmannsthal","11740","Elisabeth Steinrück","2315","43","Directed","Hugo von Hofmannsthal–Elisabeth Steinrück","7"
"Hugo von Hofmannsthal","11740","Paul Schlenther","12671","43","Directed","Hugo von Hofmannsthal–Paul Schlenther","7"
"Hugo von Hofmannsthal","11740","Jakob Wassermann","13055","42","Directed","Hugo von Hofmannsthal–Jakob Wassermann","15"
"Hugo von Hofmannsthal","11740","Georg Hirschfeld","11701","40","Directed","Hugo von Hofmannsthal–Georg Hirschfeld","11"
"Hugo von Hofmannsthal","11740","Arthur Schnitzler","2121","39","Directed","Hugo von Hofmannsthal–Arthur Schnitzler","7"
"Hugo von Hofmannsthal","11740","Lili Cappellini","2238","39","Directed","Hugo von Hofmannsthal–Lili Cappellini","11"
"Hugo von Hofmannsthal","11740","Adele Sandrock","12618","39","Directed","Hugo von Hofmannsthal–Adele Sandrock","3"
"Hugo von Hofmannsthal","11740","Georg Brandes","10992","37","Directed","Hugo von Hofmannsthal–Georg Brandes","5"
"Hugo von Hofmannsthal","11740","Gerhart Hauptmann","11617","37","Directed","Hugo von Hofmannsthal–Gerhart Hauptmann","9"
"Hugo von Hofmannsthal","11740","Max Reinhardt","12504","37","Directed","Hugo von Hofmannsthal–Max Reinhardt","6"
"Hugo von Hofmannsthal","11740","Peter Altenberg","2147","36","Directed","Hugo von Hofmannsthal–Peter Altenberg","3"
"Hugo von Hofmannsthal","11740","Marie Glümer","14953","35","Directed","Hugo von Hofmannsthal–Marie Glümer","2"
"Hugo von Hofmannsthal","11740","Leopold von Andrian-Werburg","10765","32","Directed","Hugo von Hofmannsthal–Leopold von Andrian-Werburg","18"
"Hugo von Hofmannsthal","11740","Hugo August von Hofmannsthal","11737","31","Directed","Hugo von Hofmannsthal–Hugo August von Hofmannsthal","30"
"Hugo von Hofmannsthal","11740","Friedrich Michael Fels","2450","28","Directed","Hugo von Hofmannsthal–Friedrich Michael Fels","13"
"Hugo von Hofmannsthal","11740","Karl Kraus","11988","27","Directed","Hugo von Hofmannsthal–Karl Kraus","4"
"Hugo von Hofmannsthal","11740","Robert Hirschfeld","11707","26","Directed","Hugo von Hofmannsthal–Robert Hirschfeld","2"
"Hugo von Hofmannsthal","11740","Lou Andreas-Salomé","10762","25","Directed","Hugo von Hofmannsthal–Lou Andreas-Salomé","3"
"Hugo von Hofmannsthal","11740","Mirjam Beer-Hofmann","2668","24","Directed","Hugo von Hofmannsthal–Mirjam Beer-Hofmann","1"
"Hugo von Hofmannsthal","11740","Julius von Gans-Ludassy","11406","22","Directed","Hugo von Hofmannsthal–Julius von Gans-Ludassy","1"
"Hugo von Hofmannsthal","11740","Josef Kainz","11851","22","Directed","Hugo von Hofmannsthal–Josef Kainz","9"
"Hugo von Hofmannsthal","11740","Johann Schnitzler","12695","22","Directed","Hugo von Hofmannsthal–Johann Schnitzler","3"
"Hugo von Hofmannsthal","11740","Maximilian Harden","11581","20","Directed","Hugo von Hofmannsthal–Maximilian Harden","4"
"Hugo von Hofmannsthal","11740","Peter Nansen","2357","19","Directed","Hugo von Hofmannsthal–Peter Nansen","1"
"Hugo von Hofmannsthal","11740","William Shakespeare","2412","19","Directed","Hugo von Hofmannsthal–William Shakespeare","5"
"Hugo von Hofmannsthal","11740","Arthur Kaufmann","2496","18","Directed","Hugo von Hofmannsthal–Arthur Kaufmann","1"
"Hugo von Hofmannsthal","11740","Emanuel Reicher","12491","18","Directed","Hugo von Hofmannsthal–Emanuel Reicher","3"
"Hugo von Hofmannsthal","11740","Gisela Hajek","2461","17","Directed","Hugo von Hofmannsthal–Gisela Hajek","5"
"Hugo von Hofmannsthal","11740","Josef Jarno","2601","17","Directed","Hugo von Hofmannsthal–Josef Jarno","1"
"Hugo von Hofmannsthal","11740","Alfred von Berger","10883","17","Directed","Hugo von Hofmannsthal–Alfred von Berger","3"
"Hugo von Hofmannsthal","11740","Paul Horn","18523","17","Directed","Hugo von Hofmannsthal–Paul Horn","2"
"Hugo von Hofmannsthal","11740","Friedrich Mitterwurzer","12265","16","Directed","Hugo von Hofmannsthal–Friedrich Mitterwurzer","2"
"Hugo von Hofmannsthal","11740","Siegfried Trebitsch","12968","16","Directed","Hugo von Hofmannsthal–Siegfried Trebitsch","1"
"Hugo von Hofmannsthal","11740","André Antoine","2211","15","Directed","Hugo von Hofmannsthal–André Antoine","2"
"Hugo von Hofmannsthal","11740","Rudolf Lothar","2570","15","Directed","Hugo von Hofmannsthal–Rudolf Lothar","1"
"Hugo von Hofmannsthal","11740","Ludwig Fulda","11391","15","Directed","Hugo von Hofmannsthal–Ludwig Fulda","3"
"Hugo von Hofmannsthal","11740","Irene Triesch","12977","15","Directed","Hugo von Hofmannsthal–Irene Triesch","1"
"Hugo von Hofmannsthal","11740","Henri Albert","2801","14","Directed","Hugo von Hofmannsthal–Henri Albert","1"
"Hugo von Hofmannsthal","11740","Oskar Blumenthal","14328","14","Directed","Hugo von Hofmannsthal–Oskar Blumenthal","2"
"Hugo von Hofmannsthal","11740","Hermine von Schaffgotsch","24033","14","Directed","Hugo von Hofmannsthal–Hermine von Schaffgotsch","9"
"Hugo von Hofmannsthal","11740","Helene Schnitzler","24423","14","Directed","Hugo von Hofmannsthal–Helene Schnitzler","1"
"Hugo von Hofmannsthal","11740","Friedrich von Schiller","12654","13","Directed","Hugo von Hofmannsthal–Friedrich von Schiller","4"
"Hugo von Hofmannsthal","11740","Hermann Beer","13913","13","Directed","Hugo von Hofmannsthal–Hermann Beer","1"
"Hugo von Hofmannsthal","11740","Agnes Sorma","2299","12","Directed","Hugo von Hofmannsthal–Agnes Sorma","4"
"Hugo von Hofmannsthal","11740","Felix Dörmann","2425","12","Directed","Hugo von Hofmannsthal–Felix Dörmann","1"
"Hugo von Hofmannsthal","11740","Raoul Auernheimer","10788","12","Directed","Hugo von Hofmannsthal–Raoul Auernheimer","2"
"Hugo von Hofmannsthal","11740","Oskar Mayer","21236","12","Directed","Hugo von Hofmannsthal–Oskar Mayer","1"
"Hugo von Hofmannsthal","11740","Oskar Bie","2914","11","Directed","Hugo von Hofmannsthal–Oskar Bie","1"
"Hugo von Hofmannsthal","11740","Friedrich Nietzsche","12358","11","Directed","Hugo von Hofmannsthal–Friedrich Nietzsche","5"
"Hugo von Hofmannsthal","11740","Albert Steinrück","12837","11","Directed","Hugo von Hofmannsthal–Albert Steinrück","3"
"Hugo von Hofmannsthal","11740","Jakob Julius David","2416","10","Directed","Hugo von Hofmannsthal–Jakob Julius David","2"
"Hugo von Hofmannsthal","11740","Eduard Michael Kafka","2563","10","Directed","Hugo von Hofmannsthal–Eduard Michael Kafka","4"
"Hugo von Hofmannsthal","11740","Christiane Zimmer","3220","10","Directed","Hugo von Hofmannsthal–Christiane Zimmer","9"
"Arno Holz","11763","Hermann Bahr","10815","208","Directed","Arno Holz–Hermann Bahr","1"
"Arno Holz","11763","Georg Brandes","10992","37","Directed","Arno Holz–Georg Brandes","1"
"Arno Holz","11763","Maximilian Harden","11581","20","Directed","Arno Holz–Maximilian Harden","1"
"Arno Holz","11763","Hermann Sudermann","12899","17","Directed","Arno Holz–Hermann Sudermann","1"
"Arno Holz","11763","Ludwig Fulda","11391","15","Directed","Arno Holz–Ludwig Fulda","1"
"Arno Holz","11763","Paul Lindau","12078","11","Directed","Arno Holz–Paul Lindau","1"
"Eduard Michael Kafka","2563","Hugo von Hofmannsthal","11740","271","Directed","Eduard Michael Kafka–Hugo von Hofmannsthal","1"
"Eduard Michael Kafka","2563","Hermann Bahr","10815","208","Directed","Eduard Michael Kafka–Hermann Bahr","1"
"Eduard Michael Kafka","2563","Paul Goldmann","11485","157","Directed","Eduard Michael Kafka–Paul Goldmann","1"
"Eduard Michael Kafka","2563","Julius Schnitzler","12698","45","Directed","Eduard Michael Kafka–Julius Schnitzler","1"
"Eduard Michael Kafka","2563","Friedrich Michael Fels","2450","28","Directed","Eduard Michael Kafka–Friedrich Michael Fels","2"
"Eduard Michael Kafka","2563","Emanuel Reicher","12491","18","Directed","Eduard Michael Kafka–Emanuel Reicher","3"
"Eduard Michael Kafka","2563","Josef Jarno","2601","17","Directed","Eduard Michael Kafka–Josef Jarno","2"
"Eduard Michael Kafka","2563","Hermann Sudermann","12899","17","Directed","Eduard Michael Kafka–Hermann Sudermann","1"
"Eduard Michael Kafka","2563","Oskar Blumenthal","14328","14","Directed","Eduard Michael Kafka–Oskar Blumenthal","2"
"Eduard Michael Kafka","2563","Gilbert Otto Neumann-Hofer","12348","12","Directed","Eduard Michael Kafka–Gilbert Otto Neumann-Hofer","2"
"Karl Kraus","11988","Richard Beer-Hofmann","10863","356","Directed","Karl Kraus–Richard Beer-Hofmann","5"
"Karl Kraus","11988","Hugo von Hofmannsthal","11740","271","Directed","Karl Kraus–Hugo von Hofmannsthal","4"
"Karl Kraus","11988","Hermann Bahr","10815","208","Directed","Karl Kraus–Hermann Bahr","3"
"Karl Kraus","11988","Felix Salten","2167","130","Directed","Karl Kraus–Felix Salten","3"
"Karl Kraus","11988","Samuel Fischer","11324","50","Directed","Karl Kraus–Samuel Fischer","1"
"Karl Kraus","11988","Gerhart Hauptmann","11617","37","Directed","Karl Kraus–Gerhart Hauptmann","1"
"Karl Kraus","11988","Robert Hirschfeld","11707","26","Directed","Karl Kraus–Robert Hirschfeld","1"
"Karl Kraus","11988","Johann Schnitzler","12695","22","Directed","Karl Kraus–Johann Schnitzler","2"
"Karl Kraus","11988","Josef Jarno","2601","17","Directed","Karl Kraus–Josef Jarno","1"
"Karl Kraus","11988","Julius Bauer","2150","14","Directed","Karl Kraus–Julius Bauer","1"
"Karl Kraus","11988","Richard Specht","2456","14","Directed","Karl Kraus–Richard Specht","3"
"Karl Kraus","11988","Felix Dörmann","2425","12","Directed","Karl Kraus–Felix Dörmann","3"
"Karl Kraus","11988","Gilbert Otto Neumann-Hofer","12348","12","Directed","Karl Kraus–Gilbert Otto Neumann-Hofer","3"
"Fedor Mamroth","4986","Richard Beer-Hofmann","10863","356","Directed","Fedor Mamroth–Richard Beer-Hofmann","1"
"Fedor Mamroth","4986","Paul Goldmann","11485","157","Directed","Fedor Mamroth–Paul Goldmann","1"
"Fedor Mamroth","4986","Otto Brahm","10986","112","Directed","Fedor Mamroth–Otto Brahm","1"
"Fedor Mamroth","4986","Samuel Fischer","11324","50","Directed","Fedor Mamroth–Samuel Fischer","1"
"Fedor Mamroth","4986","Rudolf Lothar","2570","15","Directed","Fedor Mamroth–Rudolf Lothar","1"
"Thomas Mann","12176","Olga Schnitzler","2173","459","Directed","Thomas Mann–Olga Schnitzler","3"
"Thomas Mann","12176","Felix Salten","2167","130","Directed","Thomas Mann–Felix Salten","1"
"Thomas Mann","12176","Heinrich Schnitzler","12692","114","Directed","Thomas Mann–Heinrich Schnitzler","2"
"Thomas Mann","12176","Louise Schnitzler","12701","76","Directed","Thomas Mann–Louise Schnitzler","1"
"Thomas Mann","12176","Samuel Fischer","11324","50","Directed","Thomas Mann–Samuel Fischer","1"
"Thomas Mann","12176","Alfred Kerr","11910","50","Directed","Thomas Mann–Alfred Kerr","1"
"Thomas Mann","12176","Frieda Pollak","22728","50","Directed","Thomas Mann–Frieda Pollak","1"
"Thomas Mann","12176","Jakob Wassermann","13055","42","Directed","Thomas Mann–Jakob Wassermann","1"
"Thomas Mann","12176","Lili Cappellini","2238","39","Directed","Thomas Mann–Lili Cappellini","1"
"Thomas Mann","12176","Albert Steinrück","12837","11","Directed","Thomas Mann–Albert Steinrück","1"
"Laura Marholm","12183","Johann Schnitzler","12695","22","Directed","Laura Marholm–Johann Schnitzler","1"
"Max Mell","12225","Olga Schnitzler","2173","459","Directed","Max Mell–Olga Schnitzler","6"
"Max Mell","12225","Paul Schlenther","12671","43","Directed","Max Mell–Paul Schlenther","1"
"Max Mell","12225","Josef Kainz","11851","22","Directed","Max Mell–Josef Kainz","1"
"Frank Wedekind","13068","Olga Schnitzler","2173","459","Directed","Frank Wedekind–Olga Schnitzler","1"
"Frank Wedekind","13068","Heinrich Schnitzler","12692","114","Directed","Frank Wedekind–Heinrich Schnitzler","1"
"Bertha Suttner","12906","Olga Schnitzler","2173","459","Directed","Bertha Suttner–Olga Schnitzler","6"
"Bertha Suttner","12906","Johann Schnitzler","12695","22","Directed","Bertha Suttner–Johann Schnitzler","2"
"Paul Goldmann","11485","Olga Schnitzler","2173","459","Directed","Paul Goldmann–Olga Schnitzler","107"
"Paul Goldmann","11485","Richard Beer-Hofmann","10863","356","Directed","Paul Goldmann–Richard Beer-Hofmann","131"
"Paul Goldmann","11485","Hugo von Hofmannsthal","11740","271","Directed","Paul Goldmann–Hugo von Hofmannsthal","55"
"Paul Goldmann","11485","Hermann Bahr","10815","208","Directed","Paul Goldmann–Hermann Bahr","54"
"Paul Goldmann","11485","Leopold Sonnemann","87771","138","Directed","Paul Goldmann–Leopold Sonnemann","138"
"Paul Goldmann","11485","Felix Salten","2167","130","Directed","Paul Goldmann–Felix Salten","18"
"Paul Goldmann","11485","Paula Beer-Hofmann","10860","121","Directed","Paul Goldmann–Paula Beer-Hofmann","4"
"Paul Goldmann","11485","Heinrich Schnitzler","12692","114","Directed","Paul Goldmann–Heinrich Schnitzler","26"
"Paul Goldmann","11485","Otto Brahm","10986","112","Directed","Paul Goldmann–Otto Brahm","20"
"Paul Goldmann","11485","Gustav Schwarzkopf","12740","87","Directed","Paul Goldmann–Gustav Schwarzkopf","9"
"Paul Goldmann","11485","Fedor Mamroth","4986","77","Directed","Paul Goldmann–Fedor Mamroth","70"
"Paul Goldmann","11485","Louise Schnitzler","12701","76","Directed","Paul Goldmann–Louise Schnitzler","28"
"Paul Goldmann","11485","Heinrich Kanner","11867","75","Directed","Paul Goldmann–Heinrich Kanner","16"
"Paul Goldmann","11485","Isidor Singer","12790","64","Directed","Paul Goldmann–Isidor Singer","3"
"Paul Goldmann","11485","Marie Reinhard","2378","59","Directed","Paul Goldmann–Marie Reinhard","42"
"Paul Goldmann","11485","Max Eugen Burckhard","11036","55","Directed","Paul Goldmann–Max Eugen Burckhard","19"
"Paul Goldmann","11485","Samuel Fischer","11324","50","Directed","Paul Goldmann–Samuel Fischer","5"
"Paul Goldmann","11485","Theodor Herzl","11673","50","Directed","Paul Goldmann–Theodor Herzl","38"
"Paul Goldmann","11485","Alfred Kerr","11910","50","Directed","Paul Goldmann–Alfred Kerr","29"
"Paul Goldmann","11485","Julius Schnitzler","12698","45","Directed","Paul Goldmann–Julius Schnitzler","18"
"Paul Goldmann","11485","Johann Wolfgang von Goethe","11461","44","Directed","Paul Goldmann–Johann Wolfgang von Goethe","12"
"Paul Goldmann","11485","Elisabeth Steinrück","2315","43","Directed","Paul Goldmann–Elisabeth Steinrück","20"
"Paul Goldmann","11485","Paul Schlenther","12671","43","Directed","Paul Goldmann–Paul Schlenther","15"
"Paul Goldmann","11485","Jakob Wassermann","13055","42","Directed","Paul Goldmann–Jakob Wassermann","8"
"Paul Goldmann","11485","Georg Hirschfeld","11701","40","Directed","Paul Goldmann–Georg Hirschfeld","5"
"Paul Goldmann","11485","Arthur Schnitzler","2121","39","Directed","Paul Goldmann–Arthur Schnitzler","18"
"Paul Goldmann","11485","Adele Sandrock","12618","39","Directed","Paul Goldmann–Adele Sandrock","12"
"Paul Goldmann","11485","Leo Van-Jung","26392","39","Directed","Paul Goldmann–Leo Van-Jung","17"
"Paul Goldmann","11485","Georg Brandes","10992","37","Directed","Paul Goldmann–Georg Brandes","9"
"Paul Goldmann","11485","Gerhart Hauptmann","11617","37","Directed","Paul Goldmann–Gerhart Hauptmann","18"
"Paul Goldmann","11485","Peter Altenberg","2147","36","Directed","Paul Goldmann–Peter Altenberg","9"
"Paul Goldmann","11485","Marie Glümer","14953","35","Directed","Paul Goldmann–Marie Glümer","27"
"Paul Goldmann","11485","Clementine Goldmann","17163","35","Directed","Paul Goldmann–Clementine Goldmann","34"
"Paul Goldmann","11485","Leopold von Andrian-Werburg","10765","32","Directed","Paul Goldmann–Leopold von Andrian-Werburg","2"
"Paul Goldmann","11485","Friedrich Michael Fels","2450","28","Directed","Paul Goldmann–Friedrich Michael Fels","1"
"Paul Goldmann","11485","Karl Kraus","11988","27","Directed","Paul Goldmann–Karl Kraus","3"
"Paul Goldmann","11485","Robert Hirschfeld","11707","26","Directed","Paul Goldmann–Robert Hirschfeld","13"
"Paul Goldmann","11485","Lou Andreas-Salomé","10762","25","Directed","Paul Goldmann–Lou Andreas-Salomé","12"
"Paul Goldmann","11485","Mirjam Beer-Hofmann","2668","24","Directed","Paul Goldmann–Mirjam Beer-Hofmann","5"
"Paul Goldmann","11485","Theodore Rottenberg","23674","23","Directed","Paul Goldmann–Theodore Rottenberg","22"
"Paul Goldmann","11485","Julius von Gans-Ludassy","11406","22","Directed","Paul Goldmann–Julius von Gans-Ludassy","3"
"Paul Goldmann","11485","Josef Kainz","11851","22","Directed","Paul Goldmann–Josef Kainz","1"
"Paul Goldmann","11485","Johann Schnitzler","12695","22","Directed","Paul Goldmann–Johann Schnitzler","3"
"Paul Goldmann","11485","Josef Rosengart","23593","22","Directed","Paul Goldmann–Josef Rosengart","22"
"Paul Goldmann","11485","Jean Thorel","3966","20","Directed","Paul Goldmann–Jean Thorel","20"
"Paul Goldmann","11485","Maximilian Harden","11581","20","Directed","Paul Goldmann–Maximilian Harden","8"
"Paul Goldmann","11485","Peter Nansen","2357","19","Directed","Paul Goldmann–Peter Nansen","8"
"Paul Goldmann","11485","William Shakespeare","2412","19","Directed","Paul Goldmann–William Shakespeare","3"
"Paul Goldmann","11485","Gisela Hajek","2461","17","Directed","Paul Goldmann–Gisela Hajek","7"
"Paul Goldmann","11485","Alfred von Berger","10883","17","Directed","Paul Goldmann–Alfred von Berger","3"
"Paul Goldmann","11485","Hermann Sudermann","12899","17","Directed","Paul Goldmann–Hermann Sudermann","10"
"Paul Goldmann","11485","Eva Marie Goldmann","17164","17","Directed","Paul Goldmann–Eva Marie Goldmann","17"
"Paul Goldmann","11485","Friedrich Mitterwurzer","12265","16","Directed","Paul Goldmann–Friedrich Mitterwurzer","3"
"Paul Goldmann","11485","Siegfried Trebitsch","12968","16","Directed","Paul Goldmann–Siegfried Trebitsch","1"
"Paul Goldmann","11485","André Antoine","2211","15","Directed","Paul Goldmann–André Antoine","8"
"Paul Goldmann","11485","Rudolf Lothar","2570","15","Directed","Paul Goldmann–Rudolf Lothar","10"
"Paul Goldmann","11485","Ludwig Fulda","11391","15","Directed","Paul Goldmann–Ludwig Fulda","6"
"Paul Goldmann","11485","Irene Triesch","12977","15","Directed","Paul Goldmann–Irene Triesch","13"
"Paul Goldmann","11485","Julius Bauer","2150","14","Directed","Paul Goldmann–Julius Bauer","4"
"Paul Goldmann","11485","Markus Hajek","2284","14","Directed","Paul Goldmann–Markus Hajek","7"
"Paul Goldmann","11485","Richard Specht","2456","14","Directed","Paul Goldmann–Richard Specht","1"
"Paul Goldmann","11485","Henri Albert","2801","14","Directed","Paul Goldmann–Henri Albert","13"
"Paul Goldmann","11485","Oskar Blumenthal","14328","14","Directed","Paul Goldmann–Oskar Blumenthal","3"
"Paul Goldmann","11485","Hermine von Schaffgotsch","24033","14","Directed","Paul Goldmann–Hermine von Schaffgotsch","1"
"Paul Goldmann","11485","Helene Schnitzler","24423","14","Directed","Paul Goldmann–Helene Schnitzler","9"
"Paul Goldmann","11485","Alfred Dreyfus","4216","13","Directed","Paul Goldmann–Alfred Dreyfus","13"
"Paul Goldmann","11485","Friedrich von Schiller","12654","13","Directed","Paul Goldmann–Friedrich von Schiller","5"
"Paul Goldmann","11485","Agnes Sorma","2299","12","Directed","Paul Goldmann–Agnes Sorma","3"
"Paul Goldmann","11485","Felix Dörmann","2425","12","Directed","Paul Goldmann–Felix Dörmann","1"
"Paul Goldmann","11485","Raoul Auernheimer","10788","12","Directed","Paul Goldmann–Raoul Auernheimer","1"
"Paul Goldmann","11485","Gilbert Otto Neumann-Hofer","12348","12","Directed","Paul Goldmann–Gilbert Otto Neumann-Hofer","1"
"Paul Goldmann","11485","Ludwig Speidel","12816","12","Directed","Paul Goldmann–Ludwig Speidel","8"
"Paul Goldmann","11485","Friedrich Kapper","19106","12","Directed","Paul Goldmann–Friedrich Kapper","10"
"Paul Goldmann","11485","Oskar Bie","2914","11","Directed","Paul Goldmann–Oskar Bie","2"
"Paul Goldmann","11485","Paul Lindau","12078","11","Directed","Paul Goldmann–Paul Lindau","9"
"Paul Goldmann","11485","Friedrich Nietzsche","12358","11","Directed","Paul Goldmann–Friedrich Nietzsche","3"
"Paul Goldmann","11485","Leo Ebermann","2157","10","Directed","Paul Goldmann–Leo Ebermann","4"
"Paul Goldmann","11485","Jakob Julius David","2416","10","Directed","Paul Goldmann–Jakob Julius David","3"
"Paul Goldmann","11485","Eduard Michael Kafka","2563","10","Directed","Paul Goldmann–Eduard Michael Kafka","1"
"Alfred Polgar","2989","Julius von Gans-Ludassy","11406","22","Directed","Alfred Polgar–Julius von Gans-Ludassy","1"
"Else Lasker-Schüler","38973","Arthur Schnitzler","2121","39","Directed","Else Lasker-Schüler–Arthur Schnitzler","1"
"Felix Salten","2167","Olga Schnitzler","2173","459","Directed","Felix Salten–Olga Schnitzler","61"
"Felix Salten","2167","Richard Beer-Hofmann","10863","356","Directed","Felix Salten–Richard Beer-Hofmann","40"
"Felix Salten","2167","Hugo von Hofmannsthal","11740","271","Directed","Felix Salten–Hugo von Hofmannsthal","30"
"Felix Salten","2167","Hermann Bahr","10815","208","Directed","Felix Salten–Hermann Bahr","22"
"Felix Salten","2167","Paul Goldmann","11485","157","Directed","Felix Salten–Paul Goldmann","19"
"Felix Salten","2167","Paula Beer-Hofmann","10860","121","Directed","Felix Salten–Paula Beer-Hofmann","5"
"Felix Salten","2167","Heinrich Schnitzler","12692","114","Directed","Felix Salten–Heinrich Schnitzler","19"
"Felix Salten","2167","Otto Brahm","10986","112","Directed","Felix Salten–Otto Brahm","13"
"Felix Salten","2167","Gustav Schwarzkopf","12740","87","Directed","Felix Salten–Gustav Schwarzkopf","9"
"Felix Salten","2167","Ottilie Salten","23918","87","Directed","Felix Salten–Ottilie Salten","86"
"Felix Salten","2167","Louise Schnitzler","12701","76","Directed","Felix Salten–Louise Schnitzler","6"
"Felix Salten","2167","Heinrich Kanner","11867","75","Directed","Felix Salten–Heinrich Kanner","17"
"Felix Salten","2167","Isidor Singer","12790","64","Directed","Felix Salten–Isidor Singer","15"
"Felix Salten","2167","Marie Reinhard","2378","59","Directed","Felix Salten–Marie Reinhard","1"
"Felix Salten","2167","Max Eugen Burckhard","11036","55","Directed","Felix Salten–Max Eugen Burckhard","2"
"Felix Salten","2167","Samuel Fischer","11324","50","Directed","Felix Salten–Samuel Fischer","8"
"Felix Salten","2167","Theodor Herzl","11673","50","Directed","Felix Salten–Theodor Herzl","6"
"Felix Salten","2167","Alfred Kerr","11910","50","Directed","Felix Salten–Alfred Kerr","7"
"Felix Salten","2167","Frieda Pollak","22728","50","Directed","Felix Salten–Frieda Pollak","15"
"Felix Salten","2167","Julius Schnitzler","12698","45","Directed","Felix Salten–Julius Schnitzler","4"
"Felix Salten","2167","Johann Wolfgang von Goethe","11461","44","Directed","Felix Salten–Johann Wolfgang von Goethe","1"
"Felix Salten","2167","Elisabeth Steinrück","2315","43","Directed","Felix Salten–Elisabeth Steinrück","5"
"Felix Salten","2167","Paul Schlenther","12671","43","Directed","Felix Salten–Paul Schlenther","8"
"Felix Salten","2167","Jakob Wassermann","13055","42","Directed","Felix Salten–Jakob Wassermann","6"
"Felix Salten","2167","Georg Hirschfeld","11701","40","Directed","Felix Salten–Georg Hirschfeld","9"
"Felix Salten","2167","Arthur Schnitzler","2121","39","Directed","Felix Salten–Arthur Schnitzler","4"
"Felix Salten","2167","Lili Cappellini","2238","39","Directed","Felix Salten–Lili Cappellini","2"
"Felix Salten","2167","Adele Sandrock","12618","39","Directed","Felix Salten–Adele Sandrock","10"
"Felix Salten","2167","Leo Van-Jung","26392","39","Directed","Felix Salten–Leo Van-Jung","3"
"Felix Salten","2167","Georg Brandes","10992","37","Directed","Felix Salten–Georg Brandes","1"
"Felix Salten","2167","Gerhart Hauptmann","11617","37","Directed","Felix Salten–Gerhart Hauptmann","2"
"Felix Salten","2167","Max Reinhardt","12504","37","Directed","Felix Salten–Max Reinhardt","5"
"Felix Salten","2167","Peter Altenberg","2147","36","Directed","Felix Salten–Peter Altenberg","3"
"Felix Salten","2167","Marie Glümer","14953","35","Directed","Felix Salten–Marie Glümer","4"
"Felix Salten","2167","Anna Bahr-Mildenburg","10818","31","Directed","Felix Salten–Anna Bahr-Mildenburg","1"
"Felix Salten","2167","Karl Kraus","11988","27","Directed","Felix Salten–Karl Kraus","3"
"Felix Salten","2167","Robert Hirschfeld","11707","26","Directed","Felix Salten–Robert Hirschfeld","1"
"Felix Salten","2167","Lou Andreas-Salomé","10762","25","Directed","Felix Salten–Lou Andreas-Salomé","1"
"Felix Salten","2167","Mirjam Beer-Hofmann","2668","24","Directed","Felix Salten–Mirjam Beer-Hofmann","1"
"Felix Salten","2167","Theodore Rottenberg","23674","23","Directed","Felix Salten–Theodore Rottenberg","1"
"Felix Salten","2167","Julius von Gans-Ludassy","11406","22","Directed","Felix Salten–Julius von Gans-Ludassy","12"
"Felix Salten","2167","Josef Kainz","11851","22","Directed","Felix Salten–Josef Kainz","5"
"Felix Salten","2167","Maximilian Harden","11581","20","Directed","Felix Salten–Maximilian Harden","3"
"Felix Salten","2167","Arthur Kaufmann","2496","18","Directed","Felix Salten–Arthur Kaufmann","3"
"Felix Salten","2167","Emanuel Reicher","12491","18","Directed","Felix Salten–Emanuel Reicher","4"
"Felix Salten","2167","Gisela Hajek","2461","17","Directed","Felix Salten–Gisela Hajek","1"
"Felix Salten","2167","Josef Jarno","2601","17","Directed","Felix Salten–Josef Jarno","2"
"Felix Salten","2167","Alfred von Berger","10883","17","Directed","Felix Salten–Alfred von Berger","3"
"Felix Salten","2167","Paul Horn","18523","17","Directed","Felix Salten–Paul Horn","4"
"Felix Salten","2167","Friedrich Mitterwurzer","12265","16","Directed","Felix Salten–Friedrich Mitterwurzer","4"
"Felix Salten","2167","Siegfried Trebitsch","12968","16","Directed","Felix Salten–Siegfried Trebitsch","7"
"Felix Salten","2167","Rudolf Lothar","2570","15","Directed","Felix Salten–Rudolf Lothar","1"
"Felix Salten","2167","Ludwig Fulda","11391","15","Directed","Felix Salten–Ludwig Fulda","1"
"Felix Salten","2167","Julius Bauer","2150","14","Directed","Felix Salten–Julius Bauer","4"
"Felix Salten","2167","Markus Hajek","2284","14","Directed","Felix Salten–Markus Hajek","1"
"Felix Salten","2167","Richard Specht","2456","14","Directed","Felix Salten–Richard Specht","7"
"Felix Salten","2167","Oskar Blumenthal","14328","14","Directed","Felix Salten–Oskar Blumenthal","2"
"Felix Salten","2167","Hermine von Schaffgotsch","24033","14","Directed","Felix Salten–Hermine von Schaffgotsch","1"
"Felix Salten","2167","Friedrich von Schiller","12654","13","Directed","Felix Salten–Friedrich von Schiller","1"
"Felix Salten","2167","Felix Dörmann","2425","12","Directed","Felix Salten–Felix Dörmann","2"
"Felix Salten","2167","Paul Salten","2922","12","Directed","Felix Salten–Paul Salten","12"
"Felix Salten","2167","Raoul Auernheimer","10788","12","Directed","Felix Salten–Raoul Auernheimer","1"
"Felix Salten","2167","Oskar Mayer","21236","12","Directed","Felix Salten–Oskar Mayer","2"
"Felix Salten","2167","Emerich von Bukovics","2161","11","Directed","Felix Salten–Emerich von Bukovics","2"
"Felix Salten","2167","Oskar Bie","2914","11","Directed","Felix Salten–Oskar Bie","2"
"Felix Salten","2167","Albert Steinrück","12837","11","Directed","Felix Salten–Albert Steinrück","1"
"Felix Salten","2167","Bertha Flegmann","16312","11","Directed","Felix Salten–Bertha Flegmann","1"
"Felix Salten","2167","Eduard Michael Kafka","2563","10","Directed","Felix Salten–Eduard Michael Kafka","1"
"Felix Salten","2167","Christiane Zimmer","3220","10","Directed","Felix Salten–Christiane Zimmer","1"
"Felix Salten","2167","Charlotte Pohl-Glas","3784","10","Directed","Felix Salten–Charlotte Pohl-Glas","10"
