Source,CorrID,Target,InstID,Overallcount,Type,Label,Weight
"Marie Herzfeld","11666","Franz-Grillparzer-Preis","29677","14","Directed","Marie Herzfeld–Franz-Grillparzer-Preis","1"
"Marie Herzfeld","11666","Société des Auteurs et Compositeurs Dramatiques","29397","3","Directed","Marie Herzfeld–Société des Auteurs et Compositeurs Dramatiques","1"
"Marie Herzfeld","11666","Gutmann (Konzertdirektion)","37148","1","Directed","Marie Herzfeld–Gutmann (Konzertdirektion)","1"
"Marie Herzfeld","11666","Verein dramatischer und musikalischer Autoren","57787","1","Directed","Marie Herzfeld–Verein dramatischer und musikalischer Autoren","1"
"Auguste Hauschner","2524","Der Tag","29650","3","Directed","Auguste Hauschner–Der Tag","1"
"Auguste Hauschner","2524","Nord und Süd","34269","2","Directed","Auguste Hauschner–Nord und Süd","1"
"Auguste Hauschner","2524","Die Hilfe. Zeitschrift für Politik, Wirtschaft und geistige Bewegung","29493","1","Directed","Auguste Hauschner–Die Hilfe. Zeitschrift für Politik, Wirtschaft und geistige Bewegung","1"
"Auguste Hauschner","2524","Westermanns Monatshefte","65241","1","Directed","Auguste Hauschner–Westermanns Monatshefte","1"
"Auguste Hauschner","2524","Neue Revue. Wochenschrift für das öffentliche Leben","65243","1","Directed","Auguste Hauschner–Neue Revue. Wochenschrift für das öffentliche Leben","1"
"Auguste Hauschner","2524","Deutsche Revue. Eine Monatsschrift","65245","1","Directed","Auguste Hauschner–Deutsche Revue. Eine Monatsschrift","1"
"Karin Michaëlis","4408","K. u. k. Zensurstelle","29545","3","Directed","Karin Michaëlis–K. u. k. Zensurstelle","1"
"Therese Rie-Andro","4836","Allgemeine Poliklinik","41367","2","Directed","Therese Rie-Andro–Allgemeine Poliklinik","1"
"Therese Rie-Andro","4836","Oper Straßburg","56043","2","Directed","Therese Rie-Andro–Oper Straßburg","2"
"Therese Rie-Andro","4836","Städtisches Konservatorium","56040","1","Directed","Therese Rie-Andro–Städtisches Konservatorium","1"
"Therese Rie-Andro","4836","Straßburger Philharmoniker","56046","1","Directed","Therese Rie-Andro–Straßburger Philharmoniker","1"
"Therese Rie-Andro","4836","Schottengymnasium","56082","1","Directed","Therese Rie-Andro–Schottengymnasium","1"
"Ludwig Ganghofer","11402","Burgtheater","36247","62","Directed","Ludwig Ganghofer–Burgtheater","1"
"Ludwig Ganghofer","11402","Residenztheater München","48177","1","Directed","Ludwig Ganghofer–Residenztheater München","1"
"Adalbert Franz Seligmann","12769","Wiener Frauenakademie","50552","1","Directed","Adalbert Franz Seligmann–Wiener Frauenakademie","1"
"Robert Adam","12438","S. Fischer Verlag","29639","76","Directed","Robert Adam–S. Fischer Verlag","5"
"Robert Adam","12438","Burgtheater","36247","62","Directed","Robert Adam–Burgtheater","1"
"Robert Adam","12438","Nationaltheater München","44112","7","Directed","Robert Adam–Nationaltheater München","3"
"Robert Adam","12438","Nobelpreis","29679","6","Directed","Robert Adam–Nobelpreis","1"
"Robert Adam","12438","Ullstein Verlag","29681","5","Directed","Robert Adam–Ullstein Verlag","1"
"Robert Adam","12438","Der Merker","29560","4","Directed","Robert Adam–Der Merker","2"
"Robert Adam","12438","Deutschösterreichischer Autorenverband","29594","4","Directed","Robert Adam–Deutschösterreichischer Autorenverband","3"
"Robert Adam","12438","Bezirksgericht Wien Josefstadt","29605","3","Directed","Robert Adam–Bezirksgericht Wien Josefstadt","2"
"Robert Adam","12438","Die Schaubühne / Die Weltbühne","29348","2","Directed","Robert Adam–Die Schaubühne / Die Weltbühne","1"
"Robert Adam","12438","Privatbibliothek der Wiener Justizbeamten","29587","2","Directed","Robert Adam–Privatbibliothek der Wiener Justizbeamten","2"
"Robert Adam","12438","Prager Tagblatt","29259","1","Directed","Robert Adam–Prager Tagblatt","1"
"Robert Adam","12438","Handelsgericht Wien","29591","1","Directed","Robert Adam–Handelsgericht Wien","1"
"Robert Adam","12438","Vereinigung der fachmännischen Laienrichter Österreichs","29593","1","Directed","Robert Adam–Vereinigung der fachmännischen Laienrichter Österreichs","1"
"Robert Adam","12438","Carl Gerold’s Sohn","29595","1","Directed","Robert Adam–Carl Gerold’s Sohn","1"
"Robert Adam","12438","Vereinigung der österreichischen Richterinnen und Richter","29598","1","Directed","Robert Adam–Vereinigung der österreichischen Richterinnen und Richter","1"
"Robert Adam","12438","Bezirksgericht Wien Floridsdorf","29602","1","Directed","Robert Adam–Bezirksgericht Wien Floridsdorf","1"
"Robert Adam","12438","Drei Masken-Verlag","33886","1","Directed","Robert Adam–Drei Masken-Verlag","1"
"Robert Adam","12438","Amerikanische Kinderhilfsaktion","34426","1","Directed","Robert Adam–Amerikanische Kinderhilfsaktion","1"
"Peter Altenberg","2147","S. Fischer Verlag","29639","76","Directed","Peter Altenberg–S. Fischer Verlag","1"
"Peter Altenberg","2147","Ansorge-Verein","29596","1","Directed","Peter Altenberg–Ansorge-Verein","1"
"Peter Altenberg","2147","Österreichischer Wintersport-Klub","53383","1","Directed","Peter Altenberg–Österreichischer Wintersport-Klub","1"
"Hermann Bahr","10815","S. Fischer Verlag","29639","76","Directed","Hermann Bahr–S. Fischer Verlag","16"
"Hermann Bahr","10815","Neue Freie Presse","29351","72","Directed","Hermann Bahr–Neue Freie Presse","2"
"Hermann Bahr","10815","Die Zeit. Wiener Wochenschrift","29209","67","Directed","Hermann Bahr–Die Zeit. Wiener Wochenschrift","39"
"Hermann Bahr","10815","Burgtheater","36247","62","Directed","Hermann Bahr–Burgtheater","3"
"Hermann Bahr","10815","Lessing-Theater","35053","25","Directed","Hermann Bahr–Lessing-Theater","1"
"Hermann Bahr","10815","Neues Wiener Tagblatt","29414","15","Directed","Hermann Bahr–Neues Wiener Tagblatt","13"
"Hermann Bahr","10815","Wiener Verlag","29636","14","Directed","Hermann Bahr–Wiener Verlag","3"
"Hermann Bahr","10815","Franz-Grillparzer-Preis","29677","14","Directed","Hermann Bahr–Franz-Grillparzer-Preis","3"
"Hermann Bahr","10815","Berliner Tageblatt","29329","13","Directed","Hermann Bahr–Berliner Tageblatt","2"
"Hermann Bahr","10815","Deutsche Zeitung","29424","11","Directed","Hermann Bahr–Deutsche Zeitung","4"
"Hermann Bahr","10815","Jung-Wiener Theater zum Lieben Augustin","143199","11","Directed","Hermann Bahr–Jung-Wiener Theater zum Lieben Augustin","1"
"Hermann Bahr","10815","Vossische Zeitung","29331","9","Directed","Hermann Bahr–Vossische Zeitung","1"
"Hermann Bahr","10815","Concordia","29752","9","Directed","Hermann Bahr–Concordia","1"
"Hermann Bahr","10815","Berliner Börsen-Courier","29406","7","Directed","Hermann Bahr–Berliner Börsen-Courier","1"
"Hermann Bahr","10815","Südbahnstrecke","41943","7","Directed","Hermann Bahr–Südbahnstrecke","1"
"Hermann Bahr","10815","Nationaltheater München","44112","7","Directed","Hermann Bahr–Nationaltheater München","2"
"Hermann Bahr","10815","Bibliographisches Bureau","29716","6","Directed","Hermann Bahr–Bibliographisches Bureau","1"
"Hermann Bahr","10815","Berliner Neueste Nachrichten","29207","5","Directed","Hermann Bahr–Berliner Neueste Nachrichten","1"
"Hermann Bahr","10815","Bauernfeld-Preis","29675","4","Directed","Hermann Bahr–Bauernfeld-Preis","2"
"Hermann Bahr","10815","E. Pierson’s Verlag","29771","4","Directed","Hermann Bahr–E. Pierson’s Verlag","1"
"Hermann Bahr","10815","Neues Wiener Journal","29320","3","Directed","Hermann Bahr–Neues Wiener Journal","2"
"Hermann Bahr","10815","Freie Bühne","29561","3","Directed","Hermann Bahr–Freie Bühne","1"
"Hermann Bahr","10815","Ernst Rowohlt Verlag","29756","3","Directed","Hermann Bahr–Ernst Rowohlt Verlag","1"
"Hermann Bahr","10815","Cosmopolis","29206","2","Directed","Hermann Bahr–Cosmopolis","2"
"Hermann Bahr","10815","Niederösterreichische Statthalterei","29253","2","Directed","Hermann Bahr–Niederösterreichische Statthalterei","2"
"Hermann Bahr","10815","Reichswehr","29304","2","Directed","Hermann Bahr–Reichswehr","2"
"Hermann Bahr","10815","Pester Lloyd","29306","2","Directed","Hermann Bahr–Pester Lloyd","1"
"Hermann Bahr","10815","Die Schaubühne / Die Weltbühne","29348","2","Directed","Hermann Bahr–Die Schaubühne / Die Weltbühne","1"
"Hermann Bahr","10815","The Dial","29371","2","Directed","Hermann Bahr–The Dial","1"
"Hermann Bahr","10815","Stiegl-Brauerei","29547","2","Directed","Hermann Bahr–Stiegl-Brauerei","1"
"Hermann Bahr","10815","Pensionsanstalt deutscher Journalisten und Schriftsteller","29757","2","Directed","Hermann Bahr–Pensionsanstalt deutscher Journalisten und Schriftsteller","2"
"Hermann Bahr","10815","Rikola Verlag","29758","2","Directed","Hermann Bahr–Rikola Verlag","1"
"Hermann Bahr","10815","Gemütliche Harmonie","29213","1","Directed","Hermann Bahr–Gemütliche Harmonie","1"
"Hermann Bahr","10815","Süddeutsches Antiquariat","29255","1","Directed","Hermann Bahr–Süddeutsches Antiquariat","1"
"Hermann Bahr","10815","Akademie der Tonkunst","29279","1","Directed","Hermann Bahr–Akademie der Tonkunst","1"
"Hermann Bahr","10815","Carl Konegen","29296","1","Directed","Hermann Bahr–Carl Konegen","1"
"Hermann Bahr","10815","J. Singer & Co.","29369","1","Directed","Hermann Bahr–J. Singer & Co.","1"
"Hermann Bahr","10815","Kikeriki","29394","1","Directed","Hermann Bahr–Kikeriki","1"
"Hermann Bahr","10815","Österreichische Volks-Zeitung","29421","1","Directed","Hermann Bahr–Österreichische Volks-Zeitung","1"
"Hermann Bahr","10815","Ahn & Simrock","29630","1","Directed","Hermann Bahr–Ahn & Simrock","1"
"Hermann Bahr","10815","Goethebund","29667","1","Directed","Hermann Bahr–Goethebund","1"
"Hermann Bahr","10815","Hugo Heller","29747","1","Directed","Hermann Bahr–Hugo Heller","1"
"Hermann Bahr","10815","Akademische Hochschule für Musik","43988","1","Directed","Hermann Bahr–Akademische Hochschule für Musik","1"
"Hermann Bahr","10815","Verein »Freie Schule«","48851","1","Directed","Hermann Bahr–Verein »Freie Schule«","1"
"Richard Beer-Hofmann","10863","Frankfurter Zeitung","29442","188","Directed","Richard Beer-Hofmann–Frankfurter Zeitung","2"
"Richard Beer-Hofmann","10863","Neue Freie Presse","29351","72","Directed","Richard Beer-Hofmann–Neue Freie Presse","3"
"Richard Beer-Hofmann","10863","Die Zeit. Wiener Wochenschrift","29209","67","Directed","Richard Beer-Hofmann–Die Zeit. Wiener Wochenschrift","8"
"Richard Beer-Hofmann","10863","Burgtheater","36247","62","Directed","Richard Beer-Hofmann–Burgtheater","2"
"Richard Beer-Hofmann","10863","Lessing-Theater","35053","25","Directed","Richard Beer-Hofmann–Lessing-Theater","1"
"Richard Beer-Hofmann","10863","Wiener Allgemeine Zeitung","29670","23","Directed","Richard Beer-Hofmann–Wiener Allgemeine Zeitung","2"
"Richard Beer-Hofmann","10863","Volkstheater","36430","20","Directed","Richard Beer-Hofmann–Volkstheater","1"
"Richard Beer-Hofmann","10863","Wiener Verlag","29636","14","Directed","Richard Beer-Hofmann–Wiener Verlag","1"
"Richard Beer-Hofmann","10863","Franz-Grillparzer-Preis","29677","14","Directed","Richard Beer-Hofmann–Franz-Grillparzer-Preis","1"
"Richard Beer-Hofmann","10863","Wiener Schachclub","43143","12","Directed","Richard Beer-Hofmann–Wiener Schachclub","9"
"Richard Beer-Hofmann","10863","Jung-Wiener Theater zum Lieben Augustin","143199","11","Directed","Richard Beer-Hofmann–Jung-Wiener Theater zum Lieben Augustin","2"
"Richard Beer-Hofmann","10863","Neue Rundschau, Neue Deutsche Rundschau, Freie Bühne","29212","9","Directed","Richard Beer-Hofmann–Neue Rundschau, Neue Deutsche Rundschau, Freie Bühne","1"
"Richard Beer-Hofmann","10863","»Freie Bühne« Verein für moderne Literatur","29781","9","Directed","Richard Beer-Hofmann–»Freie Bühne« Verein für moderne Literatur","2"
"Richard Beer-Hofmann","10863","Berliner Börsen-Courier","29406","7","Directed","Richard Beer-Hofmann–Berliner Börsen-Courier","2"
"Richard Beer-Hofmann","10863","Paul Zsolnay Verlag","36907","7","Directed","Richard Beer-Hofmann–Paul Zsolnay Verlag","1"
"Richard Beer-Hofmann","10863","Südbahnstrecke","41943","7","Directed","Richard Beer-Hofmann–Südbahnstrecke","1"
"Richard Beer-Hofmann","10863","Norddeutscher Lloyd","53340","5","Directed","Richard Beer-Hofmann–Norddeutscher Lloyd","1"
"Richard Beer-Hofmann","10863","?? [Wiener Club September 1901]","169320","5","Directed","Richard Beer-Hofmann–?? [Wiener Club September 1901]","3"
"Richard Beer-Hofmann","10863","Freund & Jeckel","39772","4","Directed","Richard Beer-Hofmann–Freund & Jeckel","2"
"Richard Beer-Hofmann","10863","Accademia di belle arti di Venezia","44602","4","Directed","Richard Beer-Hofmann–Accademia di belle arti di Venezia","3"
"Richard Beer-Hofmann","10863","J. Eisenstein & Co.","29461","3","Directed","Richard Beer-Hofmann–J. Eisenstein & Co.","2"
"Richard Beer-Hofmann","10863","Akademischer Verein für Kunst und Literatur","29767","3","Directed","Richard Beer-Hofmann–Akademischer Verein für Kunst und Literatur","1"
"Richard Beer-Hofmann","10863","Wenzel Swatek","40036","3","Directed","Richard Beer-Hofmann–Wenzel Swatek","2"
"Richard Beer-Hofmann","10863","Éditions Perrin","40681","3","Directed","Richard Beer-Hofmann–Éditions Perrin","1"
"Richard Beer-Hofmann","10863","Westbahnstrecke","41229","3","Directed","Richard Beer-Hofmann–Westbahnstrecke","2"
"Richard Beer-Hofmann","10863","Wiener Rundschau","29749","2","Directed","Richard Beer-Hofmann–Wiener Rundschau","1"
"Richard Beer-Hofmann","10863","Saubermänner","29794","2","Directed","Richard Beer-Hofmann–Saubermänner","2"
"Richard Beer-Hofmann","10863","Konservatorium der Gesellschaft der Musikfreunde","29805","2","Directed","Richard Beer-Hofmann–Konservatorium der Gesellschaft der Musikfreunde","1"
"Richard Beer-Hofmann","10863","Deutsches Theater München","35546","2","Directed","Richard Beer-Hofmann–Deutsches Theater München","1"
"Richard Beer-Hofmann","10863","Stoll & Uhlig","39535","2","Directed","Richard Beer-Hofmann–Stoll & Uhlig","2"
"Richard Beer-Hofmann","10863","Bund für Mutterschutz","40063","2","Directed","Richard Beer-Hofmann–Bund für Mutterschutz","2"
"Richard Beer-Hofmann","10863","Schenker & Co.","40227","2","Directed","Richard Beer-Hofmann–Schenker & Co.","2"
"Richard Beer-Hofmann","10863","La Semaine Littéraire","40684","2","Directed","Richard Beer-Hofmann–La Semaine Littéraire","1"
"Richard Beer-Hofmann","10863","Allgemeine Poliklinik","41367","2","Directed","Richard Beer-Hofmann–Allgemeine Poliklinik","1"
"Richard Beer-Hofmann","10863","Ministerium für Unterricht","44136","2","Directed","Richard Beer-Hofmann–Ministerium für Unterricht","1"
"Richard Beer-Hofmann","10863","Hamburg-Amerika-Linie","51619","2","Directed","Richard Beer-Hofmann–Hamburg-Amerika-Linie","1"
"Richard Beer-Hofmann","10863","Cabaret Fledermaus","51868","2","Directed","Richard Beer-Hofmann–Cabaret Fledermaus","2"
"Richard Beer-Hofmann","10863","Bundestheaterkassen","52610","2","Directed","Richard Beer-Hofmann–Bundestheaterkassen","2"
"Richard Beer-Hofmann","10863","Calmann-Lévy","29521","1","Directed","Richard Beer-Hofmann–Calmann-Lévy","1"
"Richard Beer-Hofmann","10863","F. Fontane","29661","1","Directed","Richard Beer-Hofmann–F. Fontane","1"
"Richard Beer-Hofmann","10863","Deutscher Schulverein","29763","1","Directed","Richard Beer-Hofmann–Deutscher Schulverein","1"
"Richard Beer-Hofmann","10863","Vorwärts","29783","1","Directed","Richard Beer-Hofmann–Vorwärts","1"
"Richard Beer-Hofmann","10863","Hermann Goldschmiedt & Co.","39565","1","Directed","Richard Beer-Hofmann–Hermann Goldschmiedt & Co.","1"
"Richard Beer-Hofmann","10863","Kyriazi Frères","39962","1","Directed","Richard Beer-Hofmann–Kyriazi Frères","1"
"Richard Beer-Hofmann","10863","Mosersche Buchhandlung","40486","1","Directed","Richard Beer-Hofmann–Mosersche Buchhandlung","1"
"Richard Beer-Hofmann","10863","Theodor Weisse","40488","1","Directed","Richard Beer-Hofmann–Theodor Weisse","1"
"Richard Beer-Hofmann","10863","Joseph Lustig & Co.","40786","1","Directed","Richard Beer-Hofmann–Joseph Lustig & Co.","1"
"Richard Beer-Hofmann","10863","M. Engel und Söhne","41364","1","Directed","Richard Beer-Hofmann–M. Engel und Söhne","1"
"Richard Beer-Hofmann","10863","Dannebrogorden","41395","1","Directed","Richard Beer-Hofmann–Dannebrogorden","1"
"Richard Beer-Hofmann","10863","Volks-Schillerpreis","42042","1","Directed","Richard Beer-Hofmann–Volks-Schillerpreis","1"
"Richard Beer-Hofmann","10863","I. Mayer Strohhüte","42262","1","Directed","Richard Beer-Hofmann–I. Mayer Strohhüte","1"
"Richard Beer-Hofmann","10863","Überetscher Bahn","43044","1","Directed","Richard Beer-Hofmann–Überetscher Bahn","1"
"Richard Beer-Hofmann","10863","Heinrich Grünbaum Schneiderei","43222","1","Directed","Richard Beer-Hofmann–Heinrich Grünbaum Schneiderei","1"
"Richard Beer-Hofmann","10863","G. Findeis","43419","1","Directed","Richard Beer-Hofmann–G. Findeis","1"
"Richard Beer-Hofmann","10863","Wiener Mode","43421","1","Directed","Richard Beer-Hofmann–Wiener Mode","1"
"Richard Beer-Hofmann","10863","Gustav Grimm Verlag","43470","1","Directed","Richard Beer-Hofmann–Gustav Grimm Verlag","1"
"Richard Beer-Hofmann","10863","Kollegium Kalksburg","45038","1","Directed","Richard Beer-Hofmann–Kollegium Kalksburg","1"
"Richard Beer-Hofmann","10863","Roland von Berlin","46040","1","Directed","Richard Beer-Hofmann–Roland von Berlin","1"
"Richard Beer-Hofmann","10863","Münchner Künstlertheater","47607","1","Directed","Richard Beer-Hofmann–Münchner Künstlertheater","1"
"Richard Beer-Hofmann","10863","Anton Drehers Brauereien","47692","1","Directed","Richard Beer-Hofmann–Anton Drehers Brauereien","1"
"Richard Beer-Hofmann","10863","Buchhandlung und Verlag Eduard Höllrigel","51413","1","Directed","Richard Beer-Hofmann–Buchhandlung und Verlag Eduard Höllrigel","1"
"Richard Beer-Hofmann","10863","Karl Schwarz Antiquitäten","51418","1","Directed","Richard Beer-Hofmann–Karl Schwarz Antiquitäten","1"
"Richard Beer-Hofmann","10863","Kurtheater in Aussee","51421","1","Directed","Richard Beer-Hofmann–Kurtheater in Aussee","1"
"Richard Beer-Hofmann","10863","Internationales Reise-Bureau Schenker","51616","1","Directed","Richard Beer-Hofmann–Internationales Reise-Bureau Schenker","1"
"Richard Beer-Hofmann","10863","Rosé-Quartett","51780","1","Directed","Richard Beer-Hofmann–Rosé-Quartett","1"
"Richard Beer-Hofmann","10863","Zentralbad","51873","1","Directed","Richard Beer-Hofmann–Zentralbad","1"
"Richard Beer-Hofmann","10863","St. Elisabeth-Kirchlein-Baucomité","51999","1","Directed","Richard Beer-Hofmann–St. Elisabeth-Kirchlein-Baucomité","1"
"Richard Beer-Hofmann","10863","Königliches Museum der Schönen Künste","52339","1","Directed","Richard Beer-Hofmann–Königliches Museum der Schönen Künste","1"
"Richard Beer-Hofmann","10863","Tauernbahn","52552","1","Directed","Richard Beer-Hofmann–Tauernbahn","1"
"Richard Beer-Hofmann","10863","Gebrüder Wild – Schmalz- und Käsehandlung","53205","1","Directed","Richard Beer-Hofmann–Gebrüder Wild – Schmalz- und Käsehandlung","1"
"Franz Blei","10955","Neue Freie Presse","29351","72","Directed","Franz Blei–Neue Freie Presse","1"
"Franz Blei","10955","Hyperion","29552","6","Directed","Franz Blei–Hyperion","3"
"Franz Blei","10955","Die elf Scharfrichter","29779","3","Directed","Franz Blei–Die elf Scharfrichter","3"
"Franz Blei","10955","William Heinemann Ltd","29553","2","Directed","Franz Blei–William Heinemann Ltd","2"
"Franz Blei","10955","Münchener Post","29455","1","Directed","Franz Blei–Münchener Post","1"
"Oskar Blumenthal","14328","Lessing-Theater","35053","25","Directed","Oskar Blumenthal–Lessing-Theater","10"
"Oskar Blumenthal","14328","Internationale Ausstellung für Musik und Theaterwesen","45127","3","Directed","Oskar Blumenthal–Internationale Ausstellung für Musik und Theaterwesen","1"
"Oskar Blumenthal","14328","Emanuel Reicher’s Deutsche Gastspielgesellschaft","29252","2","Directed","Oskar Blumenthal–Emanuel Reicher’s Deutsche Gastspielgesellschaft","2"
"Oskar Blumenthal","14328","Deutsches Theater München","35546","2","Directed","Oskar Blumenthal–Deutsches Theater München","1"
"Oskar Blumenthal","14328","Irving Place Theatre","35555","1","Directed","Oskar Blumenthal–Irving Place Theatre","1"
"Oskar Blumenthal","14328","Hoftheater Meiningen","35563","1","Directed","Oskar Blumenthal–Hoftheater Meiningen","1"
"Georg Brandes","10992","Frankfurter Zeitung","29442","188","Directed","Georg Brandes–Frankfurter Zeitung","4"
"Georg Brandes","10992","Neue Freie Presse","29351","72","Directed","Georg Brandes–Neue Freie Presse","6"
"Georg Brandes","10992","Die Zeit. Wiener Wochenschrift","29209","67","Directed","Georg Brandes–Die Zeit. Wiener Wochenschrift","3"
"Georg Brandes","10992","Vossische Zeitung","29331","9","Directed","Georg Brandes–Vossische Zeitung","1"
"Georg Brandes","10992","Nobelpreis","29679","6","Directed","Georg Brandes–Nobelpreis","3"
"Georg Brandes","10992","Der Merker","29560","4","Directed","Georg Brandes–Der Merker","1"
"Georg Brandes","10992","Die Zukunft","29631","4","Directed","Georg Brandes–Die Zukunft","2"
"Georg Brandes","10992","Erich-Reiss-Verlag","65371","4","Directed","Georg Brandes–Erich-Reiss-Verlag","1"
"Georg Brandes","10992","K. u. k. Zensurstelle","29545","3","Directed","Georg Brandes–K. u. k. Zensurstelle","2"
"Georg Brandes","10992","Der Tag","29650","3","Directed","Georg Brandes–Der Tag","2"
"Georg Brandes","10992","J.G. Cotta’sche Buchhandlung Nachfolger","29215","2","Directed","Georg Brandes–J.G. Cotta’sche Buchhandlung Nachfolger","1"
"Georg Brandes","10992","Österreichische Akademie der Wissenschaften","29395","2","Directed","Georg Brandes–Österreichische Akademie der Wissenschaften","2"
"Georg Brandes","10992","Kungliga Vetenskapsakademien","29530","2","Directed","Georg Brandes–Kungliga Vetenskapsakademien","2"
"Georg Brandes","10992","Københavns Universitet","29543","2","Directed","Georg Brandes–Københavns Universitet","2"
"Georg Brandes","10992","Kölnische Zeitung","29646","2","Directed","Georg Brandes–Kölnische Zeitung","1"
"Georg Brandes","10992","Die Nation","29807","2","Directed","Georg Brandes–Die Nation","1"
"Georg Brandes","10992","Siegismund u Volkening","29490","1","Directed","Georg Brandes–Siegismund u Volkening","1"
"Georg Brandes","10992","New Yorker Staats-Zeitung","29491","1","Directed","Georg Brandes–New Yorker Staats-Zeitung","1"
"Georg Brandes","10992","[Russische Zeitschrift, in der 1914 gefälschtes Interview von Schnitzler erschien]","29503","1","Directed","Georg Brandes–[Russische Zeitschrift, in der 1914 gefälschtes Interview von Schnitzler erschien]","1"
"Georg Brandes","10992","Verein Berliner Presse","29508","1","Directed","Georg Brandes–Verein Berliner Presse","1"
"Georg Brandes","10992","L’Aurore","29514","1","Directed","Georg Brandes–L’Aurore","1"
"Georg Brandes","10992","Le Siècle","29515","1","Directed","Georg Brandes–Le Siècle","1"
"Georg Brandes","10992","Svensk Dagbladet","29517","1","Directed","Georg Brandes–Svensk Dagbladet","1"
"Georg Brandes","10992","Liberaler Club","29519","1","Directed","Georg Brandes–Liberaler Club","1"
"Georg Brandes","10992","La revue indépendante","29522","1","Directed","Georg Brandes–La revue indépendante","1"
"Georg Brandes","10992","Det Kongelige Bibliotek","29526","1","Directed","Georg Brandes–Det Kongelige Bibliotek","1"
"Georg Brandes","10992","Georg Brandes-arkiv","29528","1","Directed","Georg Brandes–Georg Brandes-arkiv","1"
"Georg Brandes","10992","Kongelige Danske Videnskabernes Selskab","29532","1","Directed","Georg Brandes–Kongelige Danske Videnskabernes Selskab","1"
"Georg Brandes","10992","American Academy of Arts and Sciences","29534","1","Directed","Georg Brandes–American Academy of Arts and Sciences","1"
"Georg Brandes","10992","Società Italiana delle Scienze detta dei XL","29536","1","Directed","Georg Brandes–Società Italiana delle Scienze detta dei XL","1"
"Georg Brandes","10992","Det Kongelige Norske Videnskabers Selskab","29538","1","Directed","Georg Brandes–Det Kongelige Norske Videnskabers Selskab","1"
"Georg Brandes","10992","Royal Society","29541","1","Directed","Georg Brandes–Royal Society","1"
"Georg Brandes","10992","Akademie der Wissenschaften","29549","1","Directed","Georg Brandes–Akademie der Wissenschaften","1"
"Georg Brandes","10992","Die Dame","29551","1","Directed","Georg Brandes–Die Dame","1"
"Georg Brandes","10992","Wanderbühne des österreichischen Volksbildungsamtes","29815","1","Directed","Georg Brandes–Wanderbühne des österreichischen Volksbildungsamtes","1"
"Georg Brandes","10992","Astor Theatre","44003","1","Directed","Georg Brandes–Astor Theatre","1"
"Georg Brandes","10992","Guild Theatre","44005","1","Directed","Georg Brandes–Guild Theatre","1"
"Felix Braun","11002","S. Fischer Verlag","29639","76","Directed","Felix Braun–S. Fischer Verlag","2"
"Felix Braun","11002","Georg Müller Verlag","29584","4","Directed","Felix Braun–Georg Müller Verlag","2"
"Felix Braun","11002","Propyläen Verlag","29377","1","Directed","Felix Braun–Propyläen Verlag","1"
"Felix Braun","11002","Allgemeine elsässische Bankgesellschaft","29585","1","Directed","Felix Braun–Allgemeine elsässische Bankgesellschaft","1"
"Max Eugen Burckhard","11036","S. Fischer Verlag","29639","76","Directed","Max Eugen Burckhard–S. Fischer Verlag","2"
"Max Eugen Burckhard","11036","Burgtheater","36247","62","Directed","Max Eugen Burckhard–Burgtheater","3"
"Max Eugen Burckhard","11036","Wiener Verlag","29636","14","Directed","Max Eugen Burckhard–Wiener Verlag","4"
"Max Eugen Burckhard","11036","J.G. Cotta’sche Buchhandlung Nachfolger","29215","2","Directed","Max Eugen Burckhard–J.G. Cotta’sche Buchhandlung Nachfolger","1"
"Max Eugen Burckhard","11036","Pester Lloyd","29306","2","Directed","Max Eugen Burckhard–Pester Lloyd","1"
"Max Eugen Burckhard","11036","Österreichische Nationalbibliothek","29349","2","Directed","Max Eugen Burckhard–Österreichische Nationalbibliothek","2"
"Max Eugen Burckhard","11036","Rütten & Loening","29309","1","Directed","Max Eugen Burckhard–Rütten & Loening","1"
"Max Eugen Burckhard","11036","A. Entsch","29557","1","Directed","Max Eugen Burckhard–A. Entsch","1"
"Max Eugen Burckhard","11036","Grillparzer-Gesellschaft","29558","1","Directed","Max Eugen Burckhard–Grillparzer-Gesellschaft","1"
"Max Eugen Burckhard","11036","Halkyone-Verlag","48414","1","Directed","Max Eugen Burckhard–Halkyone-Verlag","1"
"Max Eugen Burckhard","11036","Puttkammer & Mühlbrecht, Buchhandlung für Staats- und Rechtswissenschaft","48419","1","Directed","Max Eugen Burckhard–Puttkammer & Mühlbrecht, Buchhandlung für Staats- und Rechtswissenschaft","1"
"Max Eugen Burckhard","11036","Deutsch-Österreichischer Verlag","48425","1","Directed","Max Eugen Burckhard–Deutsch-Österreichischer Verlag","1"
"Max Eugen Burckhard","11036","F. Tempsky","48451","1","Directed","Max Eugen Burckhard–F. Tempsky","1"
"Max Eugen Burckhard","11036","G. Freytag","48455","1","Directed","Max Eugen Burckhard–G. Freytag","1"
"Wilhelm Bölsche","11061","S. Fischer Verlag","29639","76","Directed","Wilhelm Bölsche–S. Fischer Verlag","2"
"Wilhelm Bölsche","11061","Lessing-Theater","35053","25","Directed","Wilhelm Bölsche–Lessing-Theater","5"
"Wilhelm Bölsche","11061","Neue Rundschau, Neue Deutsche Rundschau, Freie Bühne","29212","9","Directed","Wilhelm Bölsche–Neue Rundschau, Neue Deutsche Rundschau, Freie Bühne","2"
"Wilhelm Bölsche","11061","Internationale klinische Rundschau","39399","1","Directed","Wilhelm Bölsche–Internationale klinische Rundschau","1"
"Michael Georg Conrad","11098","Nationaltheater München","44112","7","Directed","Michael Georg Conrad–Nationaltheater München","2"
"Jakob Julius David","2416","Wiener Verlag","29636","14","Directed","Jakob Julius David–Wiener Verlag","1"
"Jakob Julius David","2416","Neues Wiener Journal","29320","3","Directed","Jakob Julius David–Neues Wiener Journal","1"
"Richard Dehmel","11148","S. Fischer Verlag","29639","76","Directed","Richard Dehmel–S. Fischer Verlag","1"
"Richard Dehmel","11148","Freund & Jeckel","39772","4","Directed","Richard Dehmel–Freund & Jeckel","1"
"Richard Dehmel","11148","Deutsche Schillerstiftung","41852","2","Directed","Richard Dehmel–Deutsche Schillerstiftung","1"
"Richard Dehmel","11148","Schafstein & Co.","44840","1","Directed","Richard Dehmel–Schafstein & Co.","1"
"Albert Ehrenstein","11230","S. Fischer Verlag","29639","76","Directed","Albert Ehrenstein–S. Fischer Verlag","1"
"Albert Ehrenstein","11230","Neue Freie Presse","29351","72","Directed","Albert Ehrenstein–Neue Freie Presse","6"
"Albert Ehrenstein","11230","Neue Rundschau, Neue Deutsche Rundschau, Freie Bühne","29212","9","Directed","Albert Ehrenstein–Neue Rundschau, Neue Deutsche Rundschau, Freie Bühne","2"
"Albert Ehrenstein","11230","Hyperion","29552","6","Directed","Albert Ehrenstein–Hyperion","2"
"Albert Ehrenstein","11230","Österreichische Rundschau","29496","5","Directed","Albert Ehrenstein–Österreichische Rundschau","3"
"Albert Ehrenstein","11230","Albert Langen","29654","5","Directed","Albert Ehrenstein–Albert Langen","1"
"Albert Ehrenstein","11230","Der Merker","29560","4","Directed","Albert Ehrenstein–Der Merker","1"
"Albert Ehrenstein","11230","Erich-Reiss-Verlag","65371","4","Directed","Albert Ehrenstein–Erich-Reiss-Verlag","1"
"Albert Ehrenstein","11230","Die Fackel","29308","2","Directed","Albert Ehrenstein–Die Fackel","1"
"Albert Ehrenstein","11230","Erdgeist","29633","2","Directed","Albert Ehrenstein–Erdgeist","2"
"Albert Ehrenstein","11230","Insel-Verlag","29751","2","Directed","Albert Ehrenstein–Insel-Verlag","1"
"Albert Ehrenstein","11230","Ministerium für Inneres","44133","2","Directed","Albert Ehrenstein–Ministerium für Inneres","1"
"Albert Ehrenstein","11230","Ministerium für Unterricht","44136","2","Directed","Albert Ehrenstein–Ministerium für Unterricht","1"
"Albert Ehrenstein","11230","März","29567","1","Directed","Albert Ehrenstein–März","1"
"Albert Ehrenstein","11230","Der Spiegel. Münchner Halbmonatsschrift","29568","1","Directed","Albert Ehrenstein–Der Spiegel. Münchner Halbmonatsschrift","1"
"Albert Ehrenstein","11230","Der Sturm","29571","1","Directed","Albert Ehrenstein–Der Sturm","1"
"Albert Ehrenstein","11230","Egon Fleischel & Co.","29572","1","Directed","Albert Ehrenstein–Egon Fleischel & Co.","1"
"Friedrich M. Fels","2450","Neue Freie Presse","29351","72","Directed","Friedrich M. Fels–Neue Freie Presse","1"
"Friedrich M. Fels","2450","Burgtheater","36247","62","Directed","Friedrich M. Fels–Burgtheater","1"
"Friedrich M. Fels","2450","Wiener Allgemeine Zeitung","29670","23","Directed","Friedrich M. Fels–Wiener Allgemeine Zeitung","1"
"Friedrich M. Fels","2450","Neues Wiener Tagblatt","29414","15","Directed","Friedrich M. Fels–Neues Wiener Tagblatt","1"
"Friedrich M. Fels","2450","Deutsche Zeitung","29424","11","Directed","Friedrich M. Fels–Deutsche Zeitung","2"
"Friedrich M. Fels","2450","Vossische Zeitung","29331","9","Directed","Friedrich M. Fels–Vossische Zeitung","1"
"Friedrich M. Fels","2450","Concordia","29752","9","Directed","Friedrich M. Fels–Concordia","1"
"Friedrich M. Fels","2450","Die Presse","29270","5","Directed","Friedrich M. Fels–Die Presse","2"
"Friedrich M. Fels","2450","Moderne Dichtung/Moderne Rundschau","29417","4","Directed","Friedrich M. Fels–Moderne Dichtung/Moderne Rundschau","1"
"Friedrich M. Fels","2450","Die Zukunft","29631","4","Directed","Friedrich M. Fels–Die Zukunft","1"
"Friedrich M. Fels","2450","Kölnische Zeitung","29646","2","Directed","Friedrich M. Fels–Kölnische Zeitung","1"
"Friedrich M. Fels","2450","Die Nation","29807","2","Directed","Friedrich M. Fels–Die Nation","1"
"Friedrich M. Fels","2450","Deutsche Schillerstiftung","41852","2","Directed","Friedrich M. Fels–Deutsche Schillerstiftung","1"
"Friedrich M. Fels","2450","Grazer Tagblatt","29201","1","Directed","Friedrich M. Fels–Grazer Tagblatt","1"
"Friedrich M. Fels","2450","Leopold Weiss","29220","1","Directed","Friedrich M. Fels–Leopold Weiss","1"
"Friedrich M. Fels","2450","Meininger","29236","1","Directed","Friedrich M. Fels–Meininger","1"
"Friedrich M. Fels","2450","Allgemeine Kunst-Chronik","29360","1","Directed","Friedrich M. Fels–Allgemeine Kunst-Chronik","1"
"Friedrich M. Fels","2450","Neue Zürcher Zeitung","29672","1","Directed","Friedrich M. Fels–Neue Zürcher Zeitung","1"
"Friedrich M. Fels","2450","Tagespost","29684","1","Directed","Friedrich M. Fels–Tagespost","1"
"Friedrich M. Fels","2450","Extrapost","29717","1","Directed","Friedrich M. Fels–Extrapost","1"
"Friedrich M. Fels","2450","Die Gegenwart","29808","1","Directed","Friedrich M. Fels–Die Gegenwart","1"
"Friedrich M. Fels","2450","Dr. A. Gude GmbH.","41793","1","Directed","Friedrich M. Fels–Dr. A. Gude GmbH.","1"
"Friedrich M. Fels","2450","Augartenfest","41828","1","Directed","Friedrich M. Fels–Augartenfest","1"
"Friedrich M. Fels","2450","Montags-Revue","41913","1","Directed","Friedrich M. Fels–Montags-Revue","1"
"Stefan Grossmann","11527","Frankfurter Zeitung","29442","188","Directed","Stefan Grossmann–Frankfurter Zeitung","1"
"Stefan Grossmann","11527","Deutsches Theater Berlin","35597","14","Directed","Stefan Grossmann–Deutsches Theater Berlin","1"
"Stefan Grossmann","11527","Berliner Tageblatt","29329","13","Directed","Stefan Grossmann–Berliner Tageblatt","1"
"Stefan Grossmann","11527","Das Tage-Buch","37544","12","Directed","Stefan Grossmann–Das Tage-Buch","12"
"Stefan Grossmann","11527","Wiener Freie Volksbühne","29569","10","Directed","Stefan Grossmann–Wiener Freie Volksbühne","10"
"Stefan Grossmann","11527","Vossische Zeitung","29331","9","Directed","Stefan Grossmann–Vossische Zeitung","1"
"Stefan Grossmann","11527","Ullstein Verlag","29681","5","Directed","Stefan Grossmann–Ullstein Verlag","3"
"Stefan Grossmann","11527","B.Z. am Mittag","29702","4","Directed","Stefan Grossmann–B.Z. am Mittag","1"
"Stefan Grossmann","11527","Ernst Rowohlt Verlag","29756","3","Directed","Stefan Grossmann–Ernst Rowohlt Verlag","2"
"Stefan Grossmann","11527","Berliner Morgenpost","46218","3","Directed","Stefan Grossmann–Berliner Morgenpost","2"
"Stefan Grossmann","11527","Die Fackel","29308","2","Directed","Stefan Grossmann–Die Fackel","1"
"Stefan Grossmann","11527","Arbeiter-Zeitung","29644","2","Directed","Stefan Grossmann–Arbeiter-Zeitung","2"
"Stefan Grossmann","11527","Wiener Rundschau","29749","2","Directed","Stefan Grossmann–Wiener Rundschau","1"
"Stefan Grossmann","11527","Fernsprechamt Lietzow","47285","2","Directed","Stefan Grossmann–Fernsprechamt Lietzow","2"
"Stefan Grossmann","11527","Volksbühne Berlin","36940","1","Directed","Stefan Grossmann–Volksbühne Berlin","1"
"Stefan Grossmann","11527","Neue Wiener Bühne","37214","1","Directed","Stefan Grossmann–Neue Wiener Bühne","1"
"Stefan Grossmann","11527","Völkischer Beobachter","37551","1","Directed","Stefan Grossmann–Völkischer Beobachter","1"
"Gerhart Hauptmann","11617","Die Zeit. Wiener Wochenschrift","29209","67","Directed","Gerhart Hauptmann–Die Zeit. Wiener Wochenschrift","1"
"Gerhart Hauptmann","11617","Lessing-Theater","35053","25","Directed","Gerhart Hauptmann–Lessing-Theater","1"
"Gerhart Hauptmann","11617","Franz-Grillparzer-Preis","29677","14","Directed","Gerhart Hauptmann–Franz-Grillparzer-Preis","2"
"Gerhart Hauptmann","11617","Société des Auteurs et Compositeurs Dramatiques","29397","3","Directed","Gerhart Hauptmann–Société des Auteurs et Compositeurs Dramatiques","1"
"Gerhart Hauptmann","11617","Stiegl-Brauerei","29547","2","Directed","Gerhart Hauptmann–Stiegl-Brauerei","1"
"Hugo von Hofmannsthal","11740","Frankfurter Zeitung","29442","188","Directed","Hugo von Hofmannsthal–Frankfurter Zeitung","1"
"Hugo von Hofmannsthal","11740","S. Fischer Verlag","29639","76","Directed","Hugo von Hofmannsthal–S. Fischer Verlag","15"
"Hugo von Hofmannsthal","11740","Neue Freie Presse","29351","72","Directed","Hugo von Hofmannsthal–Neue Freie Presse","4"
"Hugo von Hofmannsthal","11740","Die Zeit. Wiener Wochenschrift","29209","67","Directed","Hugo von Hofmannsthal–Die Zeit. Wiener Wochenschrift","3"
"Hugo von Hofmannsthal","11740","Burgtheater","36247","62","Directed","Hugo von Hofmannsthal–Burgtheater","11"
"Hugo von Hofmannsthal","11740","Volkstheater","36430","20","Directed","Hugo von Hofmannsthal–Volkstheater","1"
"Hugo von Hofmannsthal","11740","An der schönen blauen Donau","29698","15","Directed","Hugo von Hofmannsthal–An der schönen blauen Donau","1"
"Hugo von Hofmannsthal","11740","Franz-Grillparzer-Preis","29677","14","Directed","Hugo von Hofmannsthal–Franz-Grillparzer-Preis","2"
"Hugo von Hofmannsthal","11740","Deutsches Theater Berlin","35597","14","Directed","Hugo von Hofmannsthal–Deutsches Theater Berlin","2"
"Hugo von Hofmannsthal","11740","Wiener Schachclub","43143","12","Directed","Hugo von Hofmannsthal–Wiener Schachclub","1"
"Hugo von Hofmannsthal","11740","Deutsche Zeitung","29424","11","Directed","Hugo von Hofmannsthal–Deutsche Zeitung","4"
"Hugo von Hofmannsthal","11740","Neue Rundschau, Neue Deutsche Rundschau, Freie Bühne","29212","9","Directed","Hugo von Hofmannsthal–Neue Rundschau, Neue Deutsche Rundschau, Freie Bühne","4"
"Hugo von Hofmannsthal","11740","Concordia","29752","9","Directed","Hugo von Hofmannsthal–Concordia","3"
"Hugo von Hofmannsthal","11740","»Freie Bühne« Verein für moderne Literatur","29781","9","Directed","Hugo von Hofmannsthal–»Freie Bühne« Verein für moderne Literatur","2"
"Hugo von Hofmannsthal","11740","Berliner Börsen-Courier","29406","7","Directed","Hugo von Hofmannsthal–Berliner Börsen-Courier","1"
"Hugo von Hofmannsthal","11740","Südbahnstrecke","41943","7","Directed","Hugo von Hofmannsthal–Südbahnstrecke","2"
"Hugo von Hofmannsthal","11740","Hyperion","29552","6","Directed","Hugo von Hofmannsthal–Hyperion","1"
"Hugo von Hofmannsthal","11740","Bibliographisches Bureau","29716","6","Directed","Hugo von Hofmannsthal–Bibliographisches Bureau","4"
"Hugo von Hofmannsthal","11740","Österreichische Rundschau","29496","5","Directed","Hugo von Hofmannsthal–Österreichische Rundschau","1"
"Hugo von Hofmannsthal","11740","Deutschösterreichischer Autorenverband","29594","4","Directed","Hugo von Hofmannsthal–Deutschösterreichischer Autorenverband","1"
"Hugo von Hofmannsthal","11740","E. Pierson’s Verlag","29771","4","Directed","Hugo von Hofmannsthal–E. Pierson’s Verlag","1"
"Hugo von Hofmannsthal","11740","Morgen. Wochenschrift für deutsche Kultur","34262","4","Directed","Hugo von Hofmannsthal–Morgen. Wochenschrift für deutsche Kultur","3"
"Hugo von Hofmannsthal","11740","Nouvelle Revue","34277","4","Directed","Hugo von Hofmannsthal–Nouvelle Revue","1"
"Hugo von Hofmannsthal","11740","Accademia di belle arti di Venezia","44602","4","Directed","Hugo von Hofmannsthal–Accademia di belle arti di Venezia","1"
"Hugo von Hofmannsthal","11740","Erich-Reiss-Verlag","65371","4","Directed","Hugo von Hofmannsthal–Erich-Reiss-Verlag","2"
"Hugo von Hofmannsthal","11740","Allgemeine Bodencreditanstalt","29244","3","Directed","Hugo von Hofmannsthal–Allgemeine Bodencreditanstalt","3"
"Hugo von Hofmannsthal","11740","J. Eisenstein & Co.","29461","3","Directed","Hugo von Hofmannsthal–J. Eisenstein & Co.","1"
"Hugo von Hofmannsthal","11740","Wiener Akademische Vereinigung","29614","3","Directed","Hugo von Hofmannsthal–Wiener Akademische Vereinigung","3"
"Hugo von Hofmannsthal","11740","Wenzel Swatek","40036","3","Directed","Hugo von Hofmannsthal–Wenzel Swatek","1"
"Hugo von Hofmannsthal","11740","Westbahnstrecke","41229","3","Directed","Hugo von Hofmannsthal–Westbahnstrecke","1"
"Hugo von Hofmannsthal","11740","Raimund-Preis","29444","2","Directed","Hugo von Hofmannsthal–Raimund-Preis","2"
"Hugo von Hofmannsthal","11740","Carl Steinhardt & Co.","29612","2","Directed","Hugo von Hofmannsthal–Carl Steinhardt & Co.","2"
"Hugo von Hofmannsthal","11740","Adolf Bonz & Comp.","29619","2","Directed","Hugo von Hofmannsthal–Adolf Bonz & Comp.","2"
"Hugo von Hofmannsthal","11740","Allgemeine Theater-Revue für Bühne und Welt. Illustrierte Halbmonatsschrift","29620","2","Directed","Hugo von Hofmannsthal–Allgemeine Theater-Revue für Bühne und Welt. Illustrierte Halbmonatsschrift","1"
"Hugo von Hofmannsthal","11740","Rikola Verlag","29758","2","Directed","Hugo von Hofmannsthal–Rikola Verlag","1"
"Hugo von Hofmannsthal","11740","Orientalische Akademie","34272","2","Directed","Hugo von Hofmannsthal–Orientalische Akademie","2"
"Hugo von Hofmannsthal","11740","Theater in der Josefstadt","39689","2","Directed","Hugo von Hofmannsthal–Theater in der Josefstadt","1"
"Hugo von Hofmannsthal","11740","Ebner-Eschenbach-Stiftung","46791","2","Directed","Hugo von Hofmannsthal–Ebner-Eschenbach-Stiftung","2"
"Hugo von Hofmannsthal","11740","Ministerium für Äußeres","47747","2","Directed","Hugo von Hofmannsthal–Ministerium für Äußeres","1"
"Hugo von Hofmannsthal","11740","Phaidon-Verlag","48752","2","Directed","Hugo von Hofmannsthal–Phaidon-Verlag","1"
"Hugo von Hofmannsthal","11740","Manz’sche Verlags- und Universitätsbuchhandlung","29216","1","Directed","Hugo von Hofmannsthal–Manz’sche Verlags- und Universitätsbuchhandlung","1"
"Hugo von Hofmannsthal","11740","Bazar de la Charité","29248","1","Directed","Hugo von Hofmannsthal–Bazar de la Charité","1"
"Hugo von Hofmannsthal","11740","Weltausstellung 1893","29318","1","Directed","Hugo von Hofmannsthal–Weltausstellung 1893","1"
"Hugo von Hofmannsthal","11740","Linzer Volksblatt","29610","1","Directed","Hugo von Hofmannsthal–Linzer Volksblatt","1"
"Hugo von Hofmannsthal","11740","Wiener Abendpost","29622","1","Directed","Hugo von Hofmannsthal–Wiener Abendpost","1"
"Hugo von Hofmannsthal","11740","Wiener Literatur-Zeitung","29715","1","Directed","Hugo von Hofmannsthal–Wiener Literatur-Zeitung","1"
"Hugo von Hofmannsthal","11740","Österreichischer Gewerbeverein","29778","1","Directed","Hugo von Hofmannsthal–Österreichischer Gewerbeverein","1"
"Hugo von Hofmannsthal","11740","Čecho-slavische ethnographische Ausstellung","33911","1","Directed","Hugo von Hofmannsthal–Čecho-slavische ethnographische Ausstellung","1"
"Hugo von Hofmannsthal","11740","Musikverlag Adolph Fürstner","34146","1","Directed","Hugo von Hofmannsthal–Musikverlag Adolph Fürstner","1"
"Hugo von Hofmannsthal","11740","Fanfulla della domenica","34229","1","Directed","Hugo von Hofmannsthal–Fanfulla della domenica","1"
"Hugo von Hofmannsthal","11740","Hoch- und Deutschmeisterkapelle","34379","1","Directed","Hugo von Hofmannsthal–Hoch- und Deutschmeisterkapelle","1"
"Hugo von Hofmannsthal","11740","28. Congress der deutschen Gesellschaft für Chirurgie","36278","1","Directed","Hugo von Hofmannsthal–28. Congress der deutschen Gesellschaft für Chirurgie","1"
"Hugo von Hofmannsthal","11740","Staatsoper","36687","1","Directed","Hugo von Hofmannsthal–Staatsoper","1"
"Hugo von Hofmannsthal","11740","Zentralstelle der Bühnen-Autoren und -Verleger","36900","1","Directed","Hugo von Hofmannsthal–Zentralstelle der Bühnen-Autoren und -Verleger","1"
"Hugo von Hofmannsthal","11740","Wiener freiwillige Rettungsgesellschaft","36931","1","Directed","Hugo von Hofmannsthal–Wiener freiwillige Rettungsgesellschaft","1"
"Hugo von Hofmannsthal","11740","Eton College","40424","1","Directed","Hugo von Hofmannsthal–Eton College","1"
"Hugo von Hofmannsthal","11740","Gebrüder Rodeck","40687","1","Directed","Hugo von Hofmannsthal–Gebrüder Rodeck","1"
"Hugo von Hofmannsthal","11740","Internationales Komitee vom Roten Kreuz","43466","1","Directed","Hugo von Hofmannsthal–Internationales Komitee vom Roten Kreuz","1"
"Hugo von Hofmannsthal","11740","Gustav Grimm Verlag","43470","1","Directed","Hugo von Hofmannsthal–Gustav Grimm Verlag","1"
"Hugo von Hofmannsthal","11740","Über Land und Meer","43477","1","Directed","Hugo von Hofmannsthal–Über Land und Meer","1"
"Hugo von Hofmannsthal","11740","Opernballett","44690","1","Directed","Hugo von Hofmannsthal–Opernballett","1"
"Hugo von Hofmannsthal","11740","Neue akademische Vereinigung","46259","1","Directed","Hugo von Hofmannsthal–Neue akademische Vereinigung","1"
"Hugo von Hofmannsthal","11740","Ruprecht-Karls-Universität Heidelberg","51306","1","Directed","Hugo von Hofmannsthal–Ruprecht-Karls-Universität Heidelberg","1"
"Arno Holz","11763","Insel-Verlag","29751","2","Directed","Arno Holz–Insel-Verlag","1"
"Arno Holz","11763","Petzschke & Gretschel","29578","1","Directed","Arno Holz–Petzschke & Gretschel","1"
"Arno Holz","11763","Der Kunstwart","29649","1","Directed","Arno Holz–Der Kunstwart","1"
"Eduard Michael Kafka","2563","Berliner Tageblatt","29329","13","Directed","Eduard Michael Kafka–Berliner Tageblatt","1"
"Eduard Michael Kafka","2563","»Freie Bühne« Verein für moderne Literatur","29781","9","Directed","Eduard Michael Kafka–»Freie Bühne« Verein für moderne Literatur","1"
"Eduard Michael Kafka","2563","Magazin für die Literatur des Auslandes","29625","7","Directed","Eduard Michael Kafka–Magazin für die Literatur des Auslandes","2"
"Eduard Michael Kafka","2563","Moderne Dichtung/Moderne Rundschau","29417","4","Directed","Eduard Michael Kafka–Moderne Dichtung/Moderne Rundschau","3"
"Eduard Michael Kafka","2563","Saisontheater Ischl","42649","3","Directed","Eduard Michael Kafka–Saisontheater Ischl","1"
"Eduard Michael Kafka","2563","Budapester Tagblatt","41718","1","Directed","Eduard Michael Kafka–Budapester Tagblatt","1"
"Eduard Michael Kafka","2563","Freie literarische Gesellschaft Hamburg","42601","1","Directed","Eduard Michael Kafka–Freie literarische Gesellschaft Hamburg","1"
"Eduard Michael Kafka","2563","F. und P. Lehmann","42660","1","Directed","Eduard Michael Kafka–F. und P. Lehmann","1"
"Eduard Michael Kafka","2563","Literarisches Bureau Clemens Freyer","42708","1","Directed","Eduard Michael Kafka–Literarisches Bureau Clemens Freyer","1"
"Eduard Michael Kafka","2563","Holzwarth & Ortony","42965","1","Directed","Eduard Michael Kafka–Holzwarth & Ortony","1"
"Karl Kraus","11988","Neue Freie Presse","29351","72","Directed","Karl Kraus–Neue Freie Presse","1"
"Karl Kraus","11988","Lessing-Theater","35053","25","Directed","Karl Kraus–Lessing-Theater","1"
"Karl Kraus","11988","Wiener Allgemeine Zeitung","29670","23","Directed","Karl Kraus–Wiener Allgemeine Zeitung","3"
"Karl Kraus","11988","Franz-Grillparzer-Preis","29677","14","Directed","Karl Kraus–Franz-Grillparzer-Preis","1"
"Karl Kraus","11988","»Freie Bühne« Verein für moderne Literatur","29781","9","Directed","Karl Kraus–»Freie Bühne« Verein für moderne Literatur","2"
"Karl Kraus","11988","Berliner Börsen-Courier","29406","7","Directed","Karl Kraus–Berliner Börsen-Courier","1"
"Karl Kraus","11988","Magazin für die Literatur des Auslandes","29625","7","Directed","Karl Kraus–Magazin für die Literatur des Auslandes","5"
"Karl Kraus","11988","Bibliographisches Bureau","29716","6","Directed","Karl Kraus–Bibliographisches Bureau","1"
"Karl Kraus","11988","Freie Bühne","29561","3","Directed","Karl Kraus–Freie Bühne","1"
"Karl Kraus","11988","Wiener Tagblatt","29312","2","Directed","Karl Kraus–Wiener Tagblatt","2"
"Karl Kraus","11988","Neue litterarische Blätter","29563","2","Directed","Karl Kraus–Neue litterarische Blätter","2"
"Karl Kraus","11988","Illustrirtes Wiener Extrablatt","29720","2","Directed","Karl Kraus–Illustrirtes Wiener Extrablatt","1"
"Karl Kraus","11988","Die Gesellschaft","29440","1","Directed","Karl Kraus–Die Gesellschaft","1"
"Karl Kraus","11988","Wiener Kunst","29565","1","Directed","Karl Kraus–Wiener Kunst","1"
"Karl Kraus","11988","Die Gesellschaft [Wien]","29566","1","Directed","Karl Kraus–Die Gesellschaft [Wien]","1"
"Karl Kraus","11988","Monatsblätter","29580","1","Directed","Karl Kraus–Monatsblätter","1"
"Karl Kraus","11988","Kühtmann","29582","1","Directed","Karl Kraus–Kühtmann","1"
"Karl Kraus","11988","Ansorge-Verein","29596","1","Directed","Karl Kraus–Ansorge-Verein","1"
"Detlev von Liliencron","12071","Ansorge-Verein","29596","1","Directed","Detlev von Liliencron–Ansorge-Verein","1"
"Fedor Mamroth","4986","Frankfurter Zeitung","29442","188","Directed","Fedor Mamroth–Frankfurter Zeitung","8"
"Fedor Mamroth","4986","S. Fischer Verlag","29639","76","Directed","Fedor Mamroth–S. Fischer Verlag","1"
"Fedor Mamroth","4986","An der schönen blauen Donau","29698","15","Directed","Fedor Mamroth–An der schönen blauen Donau","1"
"Fedor Mamroth","4986","Josef Eberle Stein-, Buch und Musikaliendruckerei","53104","14","Directed","Fedor Mamroth–Josef Eberle Stein-, Buch und Musikaliendruckerei","1"
"Fedor Mamroth","4986","E. Pierson’s Verlag","29771","4","Directed","Fedor Mamroth–E. Pierson’s Verlag","1"
"Fedor Mamroth","4986","Freund & Jeckel","39772","4","Directed","Fedor Mamroth–Freund & Jeckel","1"
"Fedor Mamroth","4986","L’Écho de Paris","34980","1","Directed","Fedor Mamroth–L’Écho de Paris","1"
"Fedor Mamroth","4986","Gil Blas","34982","1","Directed","Fedor Mamroth–Gil Blas","1"
"Fedor Mamroth","4986","S. Schottländer","89394","1","Directed","Fedor Mamroth–S. Schottländer","1"
"Fedor Mamroth","4986","Verlag Wilhelm Friedrich","89810","1","Directed","Fedor Mamroth–Verlag Wilhelm Friedrich","1"
"Thomas Mann","12176","S. Fischer Verlag","29639","76","Directed","Thomas Mann–S. Fischer Verlag","4"
"Thomas Mann","12176","Nobelpreis","29679","6","Directed","Thomas Mann–Nobelpreis","2"
"Thomas Mann","12176","The Dial","29371","2","Directed","Thomas Mann–The Dial","1"
"Thomas Mann","12176","Book of The Month Club","29574","2","Directed","Thomas Mann–Book of The Month Club","2"
"Thomas Mann","12176","Brandt & Kirkpatrick","29586","2","Directed","Thomas Mann–Brandt & Kirkpatrick","2"
"Thomas Mann","12176","The New York Society for the Suppression of Vice","42889","1","Directed","Thomas Mann–The New York Society for the Suppression of Vice","1"
"Max Mell","12225","Frankfurter Zeitung","29442","188","Directed","Max Mell–Frankfurter Zeitung","1"
"Max Mell","12225","Volkstheater","36430","20","Directed","Max Mell–Volkstheater","1"
"Max Mell","12225","Wiener Werkstätte","40016","1","Directed","Max Mell–Wiener Werkstätte","1"
"Julius Rodenberg","9550","Deutsche Rundschau","34931","5","Directed","Julius Rodenberg–Deutsche Rundschau","5"
"Julius Rodenberg","9550","Gebrüder Paetel Verlag","29660","3","Directed","Julius Rodenberg–Gebrüder Paetel Verlag","3"
"Joseph Victor Widmann","3557","Der Bund","43382","1","Directed","Joseph Victor Widmann–Der Bund","1"
"Joseph Victor Widmann","3557","Stadttheater Bern","43426","1","Directed","Joseph Victor Widmann–Stadttheater Bern","1"
"Paul Goldmann","11485","Frankfurter Zeitung","29442","188","Directed","Paul Goldmann–Frankfurter Zeitung","172"
"Paul Goldmann","11485","S. Fischer Verlag","29639","76","Directed","Paul Goldmann–S. Fischer Verlag","3"
"Paul Goldmann","11485","Neue Freie Presse","29351","72","Directed","Paul Goldmann–Neue Freie Presse","43"
"Paul Goldmann","11485","Die Zeit. Wiener Wochenschrift","29209","67","Directed","Paul Goldmann–Die Zeit. Wiener Wochenschrift","12"
"Paul Goldmann","11485","Burgtheater","36247","62","Directed","Paul Goldmann–Burgtheater","29"
"Paul Goldmann","11485","Die Zeit","29626","26","Directed","Paul Goldmann–Die Zeit","4"
"Paul Goldmann","11485","Lessing-Theater","35053","25","Directed","Paul Goldmann–Lessing-Theater","3"
"Paul Goldmann","11485","Wiener Allgemeine Zeitung","29670","23","Directed","Paul Goldmann–Wiener Allgemeine Zeitung","3"
"Paul Goldmann","11485","Volkstheater","36430","20","Directed","Paul Goldmann–Volkstheater","14"
"Paul Goldmann","11485","An der schönen blauen Donau","29698","15","Directed","Paul Goldmann–An der schönen blauen Donau","14"
"Paul Goldmann","11485","Wiener Verlag","29636","14","Directed","Paul Goldmann–Wiener Verlag","3"
"Paul Goldmann","11485","Franz-Grillparzer-Preis","29677","14","Directed","Paul Goldmann–Franz-Grillparzer-Preis","1"
"Paul Goldmann","11485","Deutsches Theater Berlin","35597","14","Directed","Paul Goldmann–Deutsches Theater Berlin","10"
"Paul Goldmann","11485","Josef Eberle Stein-, Buch und Musikaliendruckerei","53104","14","Directed","Paul Goldmann–Josef Eberle Stein-, Buch und Musikaliendruckerei","14"
"Paul Goldmann","11485","Berliner Tageblatt","29329","13","Directed","Paul Goldmann–Berliner Tageblatt","9"
"Paul Goldmann","11485","Deutsche Zeitung","29424","11","Directed","Paul Goldmann–Deutsche Zeitung","1"
"Paul Goldmann","11485","Jung-Wiener Theater zum Lieben Augustin","143199","11","Directed","Paul Goldmann–Jung-Wiener Theater zum Lieben Augustin","4"
"Paul Goldmann","11485","Vossische Zeitung","29331","9","Directed","Paul Goldmann–Vossische Zeitung","5"
"Paul Goldmann","11485","Concordia","29752","9","Directed","Paul Goldmann–Concordia","2"
"Paul Goldmann","11485","»Freie Bühne« Verein für moderne Literatur","29781","9","Directed","Paul Goldmann–»Freie Bühne« Verein für moderne Literatur","2"
"Paul Goldmann","11485","Berliner Börsen-Courier","29406","7","Directed","Paul Goldmann–Berliner Börsen-Courier","2"
"Paul Goldmann","11485","Schiller-Theater","57124","7","Directed","Paul Goldmann–Schiller-Theater","5"
"Paul Goldmann","11485","Journal des débats","29221","5","Directed","Paul Goldmann–Journal des débats","5"
"Paul Goldmann","11485","Die Presse","29270","5","Directed","Paul Goldmann–Die Presse","3"
"Paul Goldmann","11485","Albert Langen","29654","5","Directed","Paul Goldmann–Albert Langen","4"
"Paul Goldmann","11485","Bayreuther Festspiele","29811","5","Directed","Paul Goldmann–Bayreuther Festspiele","5"
"Paul Goldmann","11485","Norddeutscher Lloyd","53340","5","Directed","Paul Goldmann–Norddeutscher Lloyd","2"
"Paul Goldmann","11485","Théâtre de l’Œuvre","88605","5","Directed","Paul Goldmann–Théâtre de l’Œuvre","5"
"Paul Goldmann","11485","Théâtre Libre","88609","5","Directed","Paul Goldmann–Théâtre Libre","5"
"Paul Goldmann","11485","Überbrettl","144041","5","Directed","Paul Goldmann–Überbrettl","5"
"Paul Goldmann","11485","Reichstag","144185","5","Directed","Paul Goldmann–Reichstag","5"
"Paul Goldmann","11485","Bauernfeld-Preis","29675","4","Directed","Paul Goldmann–Bauernfeld-Preis","2"
"Paul Goldmann","11485","E. Pierson’s Verlag","29771","4","Directed","Paul Goldmann–E. Pierson’s Verlag","1"
"Paul Goldmann","11485","Nouvelle Revue","34277","4","Directed","Paul Goldmann–Nouvelle Revue","3"
"Paul Goldmann","11485","Freund & Jeckel","39772","4","Directed","Paul Goldmann–Freund & Jeckel","1"
"Paul Goldmann","11485","Französische Abgeordnetenkammer","92784","4","Directed","Paul Goldmann–Französische Abgeordnetenkammer","4"
"Paul Goldmann","11485","Berliner Theater","29380","3","Directed","Paul Goldmann–Berliner Theater","3"
"Paul Goldmann","11485","Société des Auteurs et Compositeurs Dramatiques","29397","3","Directed","Paul Goldmann–Société des Auteurs et Compositeurs Dramatiques","1"
"Paul Goldmann","11485","Freie Bühne","29561","3","Directed","Paul Goldmann–Freie Bühne","1"
"Paul Goldmann","11485","Tägliche Rundschau","29691","3","Directed","Paul Goldmann–Tägliche Rundschau","3"
"Paul Goldmann","11485","Akademischer Verein für Kunst und Literatur","29767","3","Directed","Paul Goldmann–Akademischer Verein für Kunst und Literatur","2"
"Paul Goldmann","11485","Éditions Perrin","40681","3","Directed","Paul Goldmann–Éditions Perrin","2"
"Paul Goldmann","11485","Berliner Morgenpost","46218","3","Directed","Paul Goldmann–Berliner Morgenpost","1"
"Paul Goldmann","11485","Schauspielhaus Berlin","55522","3","Directed","Paul Goldmann–Schauspielhaus Berlin","3"
"Paul Goldmann","11485","Théâtre du Vaudeville","92987","3","Directed","Paul Goldmann–Théâtre du Vaudeville","3"
"Paul Goldmann","11485","La Liberté","93006","3","Directed","Paul Goldmann–La Liberté","3"
"Paul Goldmann","11485","Odéon","93494","3","Directed","Paul Goldmann–Odéon","3"
"Paul Goldmann","11485","Preussen","118782","3","Directed","Paul Goldmann–Preussen","3"
"Paul Goldmann","11485","Wiener Sonn- und Montagszeitung","29525","2","Directed","Paul Goldmann–Wiener Sonn- und Montagszeitung","2"
"Paul Goldmann","11485","Le Figaro","29706","2","Directed","Paul Goldmann–Le Figaro","2"
"Paul Goldmann","11485","Simplicissimus","29714","2","Directed","Paul Goldmann–Simplicissimus","2"
"Paul Goldmann","11485","Illustrirtes Wiener Extrablatt","29720","2","Directed","Paul Goldmann–Illustrirtes Wiener Extrablatt","1"
"Paul Goldmann","11485","Konservatorium der Gesellschaft der Musikfreunde","29805","2","Directed","Paul Goldmann–Konservatorium der Gesellschaft der Musikfreunde","1"
"Paul Goldmann","11485","Nord und Süd","34269","2","Directed","Paul Goldmann–Nord und Süd","1"
"Paul Goldmann","11485","Verlag Wilhelm Braumüller","36942","2","Directed","Paul Goldmann–Verlag Wilhelm Braumüller","2"
"Paul Goldmann","11485","Raimund-Theater","39666","2","Directed","Paul Goldmann–Raimund-Theater","1"
"Paul Goldmann","11485","Theater in der Josefstadt","39689","2","Directed","Paul Goldmann–Theater in der Josefstadt","1"
"Paul Goldmann","11485","La Semaine Littéraire","40684","2","Directed","Paul Goldmann–La Semaine Littéraire","1"
"Paul Goldmann","11485","Le Journal","87844","2","Directed","Paul Goldmann–Le Journal","2"
"Paul Goldmann","11485","Rose-Theater","88180","2","Directed","Paul Goldmann–Rose-Theater","2"
"Paul Goldmann","11485","L’Indépendance Belge","88734","2","Directed","Paul Goldmann–L’Indépendance Belge","2"
"Paul Goldmann","11485","Frankfurter Stadttheater","88756","2","Directed","Paul Goldmann–Frankfurter Stadttheater","2"
"Paul Goldmann","11485","Pariser Büro der Frankfurter Zeitung","88828","2","Directed","Paul Goldmann–Pariser Büro der Frankfurter Zeitung","2"
"Paul Goldmann","11485","La Vie Parisienne","93197","2","Directed","Paul Goldmann–La Vie Parisienne","2"
"Paul Goldmann","11485","Französische Post","93332","2","Directed","Paul Goldmann–Französische Post","2"
"Paul Goldmann","11485","Deutsche Post in China","118800","2","Directed","Paul Goldmann–Deutsche Post in China","2"
"Paul Goldmann","11485","Palasthotel Berlin","146840","2","Directed","Paul Goldmann–Palasthotel Berlin","2"
"Paul Goldmann","11485","Südbahn-Gesellschaft","29218","1","Directed","Paul Goldmann–Südbahn-Gesellschaft","1"
"Paul Goldmann","11485","Breslauer Zeitung","29283","1","Directed","Paul Goldmann–Breslauer Zeitung","1"
"Paul Goldmann","11485","Académie Française","29290","1","Directed","Paul Goldmann–Académie Française","1"
"Paul Goldmann","11485","Houghton Library","29616","1","Directed","Paul Goldmann–Houghton Library","1"
"Paul Goldmann","11485","Mercure de France","34301","1","Directed","Paul Goldmann–Mercure de France","1"
"Paul Goldmann","11485","K.K. Hof-Oper","36689","1","Directed","Paul Goldmann–K.K. Hof-Oper","1"
"Paul Goldmann","11485","Landesgericht für Strafsachen","36842","1","Directed","Paul Goldmann–Landesgericht für Strafsachen","1"
"Paul Goldmann","11485","Polizeidirektion Berlin","36860","1","Directed","Paul Goldmann–Polizeidirektion Berlin","1"
"Paul Goldmann","11485","Staatsanwaltschaft Berlin","36867","1","Directed","Paul Goldmann–Staatsanwaltschaft Berlin","1"
"Paul Goldmann","11485","Staatsanwaltschaft","36869","1","Directed","Paul Goldmann–Staatsanwaltschaft","1"
"Paul Goldmann","11485","Theater an der Wien","36996","1","Directed","Paul Goldmann–Theater an der Wien","1"
"Paul Goldmann","11485","Wiener Secession","44948","1","Directed","Paul Goldmann–Wiener Secession","1"
"Paul Goldmann","11485","Deutsches Schauspielhaus in Hamburg","45530","1","Directed","Paul Goldmann–Deutsches Schauspielhaus in Hamburg","1"
"Paul Goldmann","11485","Det Kongelige Teater","58993","1","Directed","Paul Goldmann–Det Kongelige Teater","1"
"Paul Goldmann","11485","Philosophisch-historischer Verlag Dr. R. Salinger","87782","1","Directed","Paul Goldmann–Philosophisch-historischer Verlag Dr. R. Salinger","1"
"Paul Goldmann","11485","Théâtre de la Renaissance","87981","1","Directed","Paul Goldmann–Théâtre de la Renaissance","1"
"Paul Goldmann","11485","Comédie-Française","87992","1","Directed","Paul Goldmann–Comédie-Française","1"
"Paul Goldmann","11485","Theater Orange","88286","1","Directed","Paul Goldmann–Theater Orange","1"
"Paul Goldmann","11485","Heilsarmee","88717","1","Directed","Paul Goldmann–Heilsarmee","1"
"Paul Goldmann","11485","?? [Glasfabrik in Belgien]","88742","1","Directed","Paul Goldmann–?? [Glasfabrik in Belgien]","1"
"Paul Goldmann","11485","Musées royaux des Beaux-Arts de Belgique","88747","1","Directed","Paul Goldmann–Musées royaux des Beaux-Arts de Belgique","1"
"Paul Goldmann","11485","Agence Havas","88815","1","Directed","Paul Goldmann–Agence Havas","1"
"Paul Goldmann","11485","Orchestre municipal des pompiers de Bruxelles","88817","1","Directed","Paul Goldmann–Orchestre municipal des pompiers de Bruxelles","1"
"Paul Goldmann","11485","Telegraphenanstalt Nürnberg","88958","1","Directed","Paul Goldmann–Telegraphenanstalt Nürnberg","1"
"Paul Goldmann","11485","Jung Wien","89143","1","Directed","Paul Goldmann–Jung Wien","1"
"Paul Goldmann","11485","Puppenaustellung","89256","1","Directed","Paul Goldmann–Puppenaustellung","1"
"Paul Goldmann","11485","S. Schottländer","89394","1","Directed","Paul Goldmann–S. Schottländer","1"
"Paul Goldmann","11485","Casino de Biarritz","89403","1","Directed","Paul Goldmann–Casino de Biarritz","1"
"Paul Goldmann","11485","Verlag Wilhelm Friedrich","89810","1","Directed","Paul Goldmann–Verlag Wilhelm Friedrich","1"
"Paul Goldmann","11485","Hôtel du Dauphin","89840","1","Directed","Paul Goldmann–Hôtel du Dauphin","1"
"Paul Goldmann","11485","Flammarion","89863","1","Directed","Paul Goldmann–Flammarion","1"
"Paul Goldmann","11485","Deutscher Quartettverein in Paris","89961","1","Directed","Paul Goldmann–Deutscher Quartettverein in Paris","1"
"Paul Goldmann","11485","Wiener Salonblatt","90015","1","Directed","Paul Goldmann–Wiener Salonblatt","1"
"Paul Goldmann","11485","Artaria & Co.","92642","1","Directed","Paul Goldmann–Artaria & Co.","1"
"Paul Goldmann","11485","Schlierseer Bauerntheater","92985","1","Directed","Paul Goldmann–Schlierseer Bauerntheater","1"
"Paul Goldmann","11485","Französische Regierung","93317","1","Directed","Paul Goldmann–Französische Regierung","1"
"Paul Goldmann","11485","Österreichische Post","93492","1","Directed","Paul Goldmann–Österreichische Post","1"
"Paul Goldmann","11485","Théâtre des Escholiers","93536","1","Directed","Paul Goldmann–Théâtre des Escholiers","1"
"Paul Goldmann","11485","Institut Rudy","93593","1","Directed","Paul Goldmann–Institut Rudy","1"
"Paul Goldmann","11485","École libre des sciences politiques","93613","1","Directed","Paul Goldmann–École libre des sciences politiques","1"
"Paul Goldmann","11485","Ministère du Commerce, de l’Industrie et des Colonies","93754","1","Directed","Paul Goldmann–Ministère du Commerce, de l’Industrie et des Colonies","1"
"Paul Goldmann","11485","L’Aube","93786","1","Directed","Paul Goldmann–L’Aube","1"
"Paul Goldmann","11485","Nieuwe Rotterdamsche Courant","118076","1","Directed","Paul Goldmann–Nieuwe Rotterdamsche Courant","1"
"Paul Goldmann","11485","Französisches Finanzministerium","118432","1","Directed","Paul Goldmann–Französisches Finanzministerium","1"
"Paul Goldmann","11485","Schall und Rauch","118599","1","Directed","Paul Goldmann–Schall und Rauch","1"
"Paul Goldmann","11485","Anping Maru","118866","1","Directed","Paul Goldmann–Anping Maru","1"
"Paul Goldmann","11485","Richard-Wagner-Verein","140860","1","Directed","Paul Goldmann–Richard-Wagner-Verein","1"
"Paul Goldmann","11485","Mozartverein Darmstadt","140862","1","Directed","Paul Goldmann–Mozartverein Darmstadt","1"
"Paul Goldmann","11485","Lessing-Gesellschaft für Kunst und Wissenschaft","141511","1","Directed","Paul Goldmann–Lessing-Gesellschaft für Kunst und Wissenschaft","1"
"Paul Goldmann","11485","Freie literarische Vereinigung zu Breslau","141698","1","Directed","Paul Goldmann–Freie literarische Vereinigung zu Breslau","1"
"Paul Goldmann","11485","Graphische Gesellschaft (Berlin)","141916","1","Directed","Paul Goldmann–Graphische Gesellschaft (Berlin)","1"
"Paul Goldmann","11485","Weinlaube","141921","1","Directed","Paul Goldmann–Weinlaube","1"
"Paul Goldmann","11485","Congrès du Parlement français","141936","1","Directed","Paul Goldmann–Congrès du Parlement français","1"
"Paul Goldmann","11485","Conseil de guerre de la Xe région militaire de Rennes","142365","1","Directed","Paul Goldmann–Conseil de guerre de la Xe région militaire de Rennes","1"
"Paul Goldmann","11485","Secessionsbühne","142554","1","Directed","Paul Goldmann–Secessionsbühne","1"
"Paul Goldmann","11485","Robert Lutz","143489","1","Directed","Paul Goldmann–Robert Lutz","1"
"Paul Goldmann","11485","k. u. k. Kriegsministerium","144006","1","Directed","Paul Goldmann–k. u. k. Kriegsministerium","1"
"Paul Goldmann","11485","Hermann Tietz und Co.","144442","1","Directed","Paul Goldmann–Hermann Tietz und Co.","1"
"Paul Goldmann","11485","Bohemia","145368","1","Directed","Paul Goldmann–Bohemia","1"
"Paul Goldmann","11485","Hotel Fürstenhof","145716","1","Directed","Paul Goldmann–Hotel Fürstenhof","1"
"Paul Goldmann","11485","Goethe-Bund","146891","1","Directed","Paul Goldmann–Goethe-Bund","1"
"Paul Goldmann","11485","J. C. C. Bruns","146925","1","Directed","Paul Goldmann–J. C. C. Bruns","1"
"Paul Goldmann","11485","National-Zeitung","147105","1","Directed","Paul Goldmann–National-Zeitung","1"
"Paul Goldmann","11485","k. k. Post- und Telegraphenverwaltung","147593","1","Directed","Paul Goldmann–k. k. Post- und Telegraphenverwaltung","1"
"Paul Goldmann","11485","Hotel Sacher","147608","1","Directed","Paul Goldmann–Hotel Sacher","1"
"Paul Goldmann","11485","Preußische Polzei","147991","1","Directed","Paul Goldmann–Preußische Polzei","1"
"Paul Goldmann","11485","Mendelbahn","148516","1","Directed","Paul Goldmann–Mendelbahn","1"
"Emil Ludwig","12126","S. Fischer Verlag","29639","76","Directed","Emil Ludwig–S. Fischer Verlag","1"
"Felix Salten","2167","S. Fischer Verlag","29639","76","Directed","Felix Salten–S. Fischer Verlag","23"
"Felix Salten","2167","Neue Freie Presse","29351","72","Directed","Felix Salten–Neue Freie Presse","5"
"Felix Salten","2167","Die Zeit. Wiener Wochenschrift","29209","67","Directed","Felix Salten–Die Zeit. Wiener Wochenschrift","1"
"Felix Salten","2167","Burgtheater","36247","62","Directed","Felix Salten–Burgtheater","11"
"Felix Salten","2167","Die Zeit","29626","26","Directed","Felix Salten–Die Zeit","22"
"Felix Salten","2167","Lessing-Theater","35053","25","Directed","Felix Salten–Lessing-Theater","2"
"Felix Salten","2167","Wiener Allgemeine Zeitung","29670","23","Directed","Felix Salten–Wiener Allgemeine Zeitung","14"
"Felix Salten","2167","Volkstheater","36430","20","Directed","Felix Salten–Volkstheater","3"
"Felix Salten","2167","Neues Wiener Tagblatt","29414","15","Directed","Felix Salten–Neues Wiener Tagblatt","1"
"Felix Salten","2167","Wiener Verlag","29636","14","Directed","Felix Salten–Wiener Verlag","2"
"Felix Salten","2167","Franz-Grillparzer-Preis","29677","14","Directed","Felix Salten–Franz-Grillparzer-Preis","3"
"Felix Salten","2167","Deutsches Theater Berlin","35597","14","Directed","Felix Salten–Deutsches Theater Berlin","1"
"Felix Salten","2167","Wiener Schachclub","43143","12","Directed","Felix Salten–Wiener Schachclub","2"
"Felix Salten","2167","Jung-Wiener Theater zum Lieben Augustin","143199","11","Directed","Felix Salten–Jung-Wiener Theater zum Lieben Augustin","4"
"Felix Salten","2167","Concordia","29752","9","Directed","Felix Salten–Concordia","2"
"Felix Salten","2167","Paul Zsolnay Verlag","36907","7","Directed","Felix Salten–Paul Zsolnay Verlag","6"
"Felix Salten","2167","Südbahnstrecke","41943","7","Directed","Felix Salten–Südbahnstrecke","3"
"Felix Salten","2167","Schiller-Theater","57124","7","Directed","Felix Salten–Schiller-Theater","2"
"Felix Salten","2167","Berliner Neueste Nachrichten","29207","5","Directed","Felix Salten–Berliner Neueste Nachrichten","4"
"Felix Salten","2167","Österreichische Rundschau","29496","5","Directed","Felix Salten–Österreichische Rundschau","1"
"Felix Salten","2167","Ullstein Verlag","29681","5","Directed","Felix Salten–Ullstein Verlag","1"
"Felix Salten","2167","Norddeutscher Lloyd","53340","5","Directed","Felix Salten–Norddeutscher Lloyd","2"
"Felix Salten","2167","?? [Wiener Club September 1901]","169320","5","Directed","Felix Salten–?? [Wiener Club September 1901]","2"
"Felix Salten","2167","Georg Müller Verlag","29584","4","Directed","Felix Salten–Georg Müller Verlag","2"
"Felix Salten","2167","Die Zukunft","29631","4","Directed","Felix Salten–Die Zukunft","1"
"Felix Salten","2167","Münchener General-Anzeiger","29664","4","Directed","Felix Salten–Münchener General-Anzeiger","4"
"Felix Salten","2167","B.Z. am Mittag","29702","4","Directed","Felix Salten–B.Z. am Mittag","3"
"Felix Salten","2167","E. Pierson’s Verlag","29771","4","Directed","Felix Salten–E. Pierson’s Verlag","1"
"Felix Salten","2167","Morgen. Wochenschrift für deutsche Kultur","34262","4","Directed","Felix Salten–Morgen. Wochenschrift für deutsche Kultur","1"
"Felix Salten","2167","Bezirksgericht Wien Josefstadt","29605","3","Directed","Felix Salten–Bezirksgericht Wien Josefstadt","1"
"Felix Salten","2167","Saisontheater Ischl","42649","3","Directed","Felix Salten–Saisontheater Ischl","2"
"Felix Salten","2167","Internationale Ausstellung für Musik und Theaterwesen","45127","3","Directed","Felix Salten–Internationale Ausstellung für Musik und Theaterwesen","2"
"Felix Salten","2167","»Phönix« Versicherung","142908","3","Directed","Felix Salten–»Phönix« Versicherung","3"
"Felix Salten","2167","Allgemeine Theater-Revue für Bühne und Welt. Illustrierte Halbmonatsschrift","29620","2","Directed","Felix Salten–Allgemeine Theater-Revue für Bühne und Welt. Illustrierte Halbmonatsschrift","1"
"Felix Salten","2167","Raimund-Theater","39666","2","Directed","Felix Salten–Raimund-Theater","1"
"Felix Salten","2167","Ministerium für Inneres","44133","2","Directed","Felix Salten–Ministerium für Inneres","1"
"Felix Salten","2167","Ministerium für Äußeres","47747","2","Directed","Felix Salten–Ministerium für Äußeres","1"
"Felix Salten","2167","Phaidon-Verlag","48752","2","Directed","Felix Salten–Phaidon-Verlag","1"
"Felix Salten","2167","Hamburg-Amerika-Linie","51619","2","Directed","Felix Salten–Hamburg-Amerika-Linie","1"
"Felix Salten","2167","Akademie der Bildenden Künste Wien","60329","2","Directed","Felix Salten–Akademie der Bildenden Künste Wien","2"
"Felix Salten","2167","Stadttheater Teplitz","146124","2","Directed","Felix Salten–Stadttheater Teplitz","2"
"Felix Salten","2167","Deutsch-amerikanische Seepost","147552","2","Directed","Felix Salten–Deutsch-amerikanische Seepost","2"
"Felix Salten","2167","Österreichischer Lloyd","29770","1","Directed","Felix Salten–Österreichischer Lloyd","1"
"Felix Salten","2167","Wiener Musik- und Theatergesellschaft","29801","1","Directed","Felix Salten–Wiener Musik- und Theatergesellschaft","1"
"Felix Salten","2167","Kammerspiele Berlin","37177","1","Directed","Felix Salten–Kammerspiele Berlin","1"
"Felix Salten","2167","Kleines Theater","45430","1","Directed","Felix Salten–Kleines Theater","1"
"Felix Salten","2167","Danzer’s Orpheum","62834","1","Directed","Felix Salten–Danzer’s Orpheum","1"
"Felix Salten","2167","Théâtre Antoine","88613","1","Directed","Felix Salten–Théâtre Antoine","1"
"Felix Salten","2167","Wiener Literarische Anstalt","140789","1","Directed","Felix Salten–Wiener Literarische Anstalt","1"
"Felix Salten","2167","Stella d’Italia","142987","1","Directed","Felix Salten–Stella d’Italia","1"
"Felix Salten","2167","Galerie Pisko","143196","1","Directed","Felix Salten–Galerie Pisko","1"
"Felix Salten","2167","Verlagsanstalt Brüder Rosenbaum","143520","1","Directed","Felix Salten–Verlagsanstalt Brüder Rosenbaum","1"
"Felix Salten","2167","Buchhandlung L. Rosner","143542","1","Directed","Felix Salten–Buchhandlung L. Rosner","1"
"Felix Salten","2167","Kaiser Franz Josephs-Bahn","144614","1","Directed","Felix Salten–Kaiser Franz Josephs-Bahn","1"
"Felix Salten","2167","Oseh Chesed (Humanitas)","144688","1","Directed","Felix Salten–Oseh Chesed (Humanitas)","1"
"Felix Salten","2167","Münchener Secession","144709","1","Directed","Felix Salten–Münchener Secession","1"
"Felix Salten","2167","Académie Goncourt","144964","1","Directed","Felix Salten–Académie Goncourt","1"
"Felix Salten","2167","Franz-Joseph-Orden","146063","1","Directed","Felix Salten–Franz-Joseph-Orden","1"
"Felix Salten","2167","Theater des Westens","147380","1","Directed","Felix Salten–Theater des Westens","1"
"Felix Salten","2167","Kronprinz Wilhelm","147555","1","Directed","Felix Salten–Kronprinz Wilhelm","1"
"Felix Salten","2167","Semmeringbahn","147678","1","Directed","Felix Salten–Semmeringbahn","1"
"Felix Salten","2167","Österreichische Leo-Gesellschaft","148193","1","Directed","Felix Salten–Österreichische Leo-Gesellschaft","1"
"Felix Salten","2167","Foreign Press Service","148317","1","Directed","Felix Salten–Foreign Press Service","1"
"Felix Salten","2167","Dampfer Berlin","148348","1","Directed","Felix Salten–Dampfer Berlin","1"
"Felix Salten","2167","Schnellpostdampfer Vaterland","148350","1","Directed","Felix Salten–Schnellpostdampfer Vaterland","1"
"Felix Salten","2167","Salzkammergut-Lokalbahn","167893","1","Directed","Felix Salten–Salzkammergut-Lokalbahn","1"
"Felix Salten","2167","[Ausstellung von Josef Beyer, Richard Klein, Lazar Krestin, Paul Reß und Karl Schade]","168997","1","Directed","Felix Salten–[Ausstellung von Josef Beyer, Richard Klein, Lazar Krestin, Paul Reß und Karl Schade]","1"
